Date,coronavirus-cases-linear,coronavirus-cases-log,graph-cases-daily,graph-active-cases-total,coronavirus-deaths-linear,coronavirus-deaths-log,graph-deaths-daily
Feb 15, 2020,0,0,,0,0,0,
Feb 16, 2020,0,0,,0,0,0,
Feb 17, 2020,0,0,,0,0,0,
Feb 18, 2020,0,0,,0,0,0,
Feb 19, 2020,0,0,,0,0,0,
Feb 20, 2020,0,0,,0,0,0,
Feb 21, 2020,0,0,,0,0,0,
Feb 22, 2020,0,0,,0,0,0,
Feb 23, 2020,0,0,,0,0,0,
Feb 24, 2020,0,0,,0,0,0,
Feb 25, 2020,0,0,,0,0,0,
Feb 26, 2020,0,0,,0,0,0,
Feb 27, 2020,0,0,,0,0,0,
Feb 28, 2020,0,0,,0,0,0,
Feb 29, 2020,0,0,,0,0,0,
Mar 01, 2020,0,0,,0,0,0,
Mar 02, 2020,2,2,,2,0,0,
Mar 03, 2020,2,2,0,2,0,0,0
Mar 04, 2020,2,2,0,2,0,0,0
Mar 05, 2020,2,2,0,2,0,0,0
Mar 06, 2020,4,4,2,4,0,0,0
Mar 07, 2020,4,4,0,4,0,0,0
Mar 08, 2020,6,6,2,6,0,0,0
Mar 09, 2020,19,19,13,19,0,0,0
Mar 10, 2020,27,27,8,25,0,0,0
Mar 11, 2020,34,34,7,31,1,1,1
Mar 12, 2020,34,34,0,30,1,1,0
Mar 13, 2020,69,69,35,60,4,4,3
Mar 14, 2020,96,96,27,83,5,5,1
Mar 15, 2020,117,117,21,104,5,5,0
Mar 16, 2020,134,134,17,121,5,5,0
Mar 17, 2020,172,172,38,156,7,7,2
Mar 18, 2020,227,227,55,197,19,19,12
Mar 19, 2020,309,309,82,269,25,25,6
Mar 20, 2020,369,369,60,320,32,32,7
Mar 21, 2020,450,450,81,392,38,38,6
Mar 22, 2020,514,514,64,437,48,48,10
Mar 23, 2020,579,579,65,500,49,49,1
Mar 24, 2020,686,686,107,601,55,55,6
Mar 25, 2020,790,790,104,701,58,58,3
Mar 26, 2020,893,893,103,780,78,78,20
Mar 27, 2020,1046,1046,153,913,87,87,9
Mar 28, 2020,1155,1155,109,994,102,102,15
Mar 29, 2020,1285,1285,130,1107,114,114,12
Mar 30, 2020,1414,1414,129,1217,122,122,8
Mar 31, 2020,1528,1528,114,1311,136,136,14
Apr 01, 2020,1677,1677,149,1417,157,157,21
Apr 02, 2020,1790,1790,113,1508,170,170,13
Apr 03, 2020,1986,1986,196,1671,181,181,11
Apr 04, 2020,2092,2092,106,1751,191,191,10
Apr 05, 2020,2273,2273,181,1911,198,198,7
Apr 06, 2020,2491,2491,218,2090,209,209,11
Apr 07, 2020,2738,2738,247,2313,221,221,12
Apr 08, 2020,2956,2956,218,2494,240,240,19
Apr 09, 2020,3293,3293,337,2761,280,280,40
Apr 10, 2020,3512,3512,219,2924,306,306,26
Apr 11, 2020,3842,3842,330,3229,327,327,21
Apr 12, 2020,4241,4241,399,3509,373,373,46
Apr 13, 2020,4557,4557,316,3778,399,399,26
Apr 14, 2020,4839,4839,282,3954,459,459,60
Apr 15, 2020,5136,5136,297,4221,469,469,10
Apr 16, 2020,5516,5516,380,4472,496,496,27
Apr 17, 2020,5923,5923,407,4796,520,520,24
Apr 18, 2020,6248,6248,325,5082,535,535,15
Apr 19, 2020,6575,6575,327,5307,582,582,47
Apr 20, 2020,6760,6760,185,5423,590,590,8
Apr 21, 2020,7135,7135,375,5677,616,616,26
Apr 22, 2020,7418,7418,283,5870,635,635,19
Apr 23, 2020,7775,7775,357,6168,647,647,12
Apr 24, 2020,8211,8211,436,6520,689,689,42
Apr 25, 2020,8607,8607,396,6845,720,720,31
Apr 26, 2020,8882,8882,275,7032,743,743,23
Apr 27, 2020,9096,9096,214,7180,765,765,22
Apr 28, 2020,9511,9511,415,7484,773,773,8
Apr 29, 2020,9771,9771,260,7596,784,784,11
Apr 30, 2020,10118,10118,347,7804,792,792,8
May 01, 2020,10551,10551,433,8160,800,800,8
May 02, 2020,10843,10843,292,8347,831,831,31
May 03, 2020,11192,11192,349,8471,845,845,14
May 04, 2020,11587,11587,395,8769,864,864,19
May 05, 2020,12071,12071,484,9002,872,872,8
May 06, 2020,12438,12438,367,9226,895,895,23
May 07, 2020,12776,12776,338,9465,930,930,35
May 08, 2020,13112,13112,336,9675,943,943,13
May 09, 2020,13645,13645,533,10079,959,959,16
May 10, 2020,14032,14032,387,10361,973,973,14
May 11, 2020,14265,14265,233,10393,991,991,18
May 12, 2020,14749,14749,484,10679,1007,1007,16
May 13, 2020,15438,15438,689,11123,1028,1028,21
May 14, 2020,16006,16006,568,11445,1043,1043,15
May 15, 2020,16496,16496,490,11617,1076,1076,33
May 16, 2020,17025,17025,529,12025,1089,1089,13
May 17, 2020,17514,17514,489,12237,1148,1148,59
May 18, 2020,18010,18010,496,12495,1191,1191,43
May 19, 2020,18496,18496,486,12808,1221,1221,30
May 20, 2020,19189,19189,693,13372,1242,1242,21
May 21, 2020,20162,20162,973,14046,1278,1278,36
May 22, 2020,20796,20796,634,14413,1326,1326,48
May 23, 2020,21745,21745,949,15145,1351,1351,25
May 24, 2020,22271,22271,526,15497,1372,1372,21
May 25, 2020,22750,22750,479,15717,1391,1391,19
May 26, 2020,23165,23165,415,15870,1418,1418,27
May 27, 2020,23851,23851,686,16321,1473,1473,55
May 28, 2020,24538,24538,687,16802,1496,1496,23
May 29, 2020,25216,25216,678,17204,1520,1520,24
May 30, 2020,25773,25773,557,17185,1573,1573,53
May 31, 2020,26473,26473,700,17552,1613,1613,40
Jun 01, 2020,26940,26940,467,17662,1641,1641,28
Jun 02, 2020,27549,27549,609,17951,1663,1663,22
Jun 03, 2020,28233,28233,684,18129,1698,1698,35
Jun 04, 2020,28818,28818,585,18205,1721,1721,23
Jun 05, 2020,29521,29521,703,18308,1770,1770,49
Jun 06, 2020,30514,30514,993,18806,1801,1801,31
Jun 07, 2020,31186,31186,672,18837,1851,1851,50
Jun 08, 2020,32033,32033,847,19246,1883,1883,32
Jun 09, 2020,33076,33076,1043,19739,1923,1923,40
Jun 10, 2020,34316,34316,1240,20228,1959,1959,36
Jun 11, 2020,35295,35295,979,20659,2000,2000,41
Jun 12, 2020,36406,36406,1111,21145,2048,2048,48
Jun 13, 2020,37420,37420,1014,21553,2091,2091,43
Jun 14, 2020,38277,38277,857,21612,2134,2134,43
Jun 15, 2020,39294,39294,1017,21973,2198,2198,64
Jun 16, 2020,40400,40400,1106,22466,2231,2231,33
Jun 17, 2020,41431,41431,1031,22912,2276,2276,45
Jun 18, 2020,42762,42762,1331,23625,2339,2339,63
Jun 19, 2020,43803,43803,1041,24081,2373,2373,34
Jun 20, 2020,45029,45029,1226,24717,2429,2429,56
Jun 21, 2020,45891,45891,862,25022,2465,2465,36
Jun 22, 2020,46845,46845,954,25610,2500,2500,35
Jun 23, 2020,47896,47896,1051,26120,2535,2535,35
Jun 24, 2020,49009,49009,1113,26778,2573,2573,38
Jun 25, 2020,50187,50187,1178,27118,2620,2620,47
Jun 26, 2020,51427,51427,1240,27411,2683,2683,63
Jun 27, 2020,52812,52812,1385,28183,2720,2720,37
Jun 28, 2020,54010,54010,1198,28320,2754,2754,34
Jun 29, 2020,55092,55092,1082,28487,2805,2805,51
Jun 30, 2020,56385,56385,1293,28703,2876,2876,71
Jul 01, 2020,57770,57770,1385,29241,2934,2934,58
Jul 02, 2020,59394,59394,1624,29740,2987,2987,53
Jul 03, 2020,60695,60695,1301,30091,3036,3036,49
Jul 04, 2020,62142,62142,1447,30834,3089,3089,53
Jul 05, 2020,63749,63749,1607,31473,3171,3171,82
Jul 06, 2020,64958,64958,1209,31798,3241,3241,70
Jul 07, 2020,66226,66226,1268,32132,3309,3309,68
Jul 08, 2020,68079,68079,1853,33135,3359,3359,50
Jul 09, 2020,70736,70736,2657,34668,3417,3417,58
Jul 10, 2020,72347,72347,1611,35349,3469,3469,52
Jul 11, 2020,74018,74018,1671,35764,3535,3535,66
Jul 12, 2020,75699,75699,1681,36455,3606,3606,71
Jul 13, 2020,76981,76981,1282,36636,3656,3656,50
Jul 14, 2020,78572,78572,1591,37226,3710,3710,54
Jul 15, 2020,80094,80094,1522,37247,3797,3797,87
Jul 16, 2020,81668,81668,1574,37450,3873,3873,76
Jul 17, 2020,83130,83130,1462,37339,3957,3957,84
Jul 18, 2020,84882,84882,1752,37598,4016,4016,59
Jul 19, 2020,86521,86521,1639,36977,4143,4143,127
Jul 20, 2020,88214,88214,1693,36998,4239,4239,96
Jul 21, 2020,89869,89869,1655,37083,4320,4320,81
Jul 22, 2020,91751,91751,1882,37037,4459,4459,139
Jul 23, 2020,93657,93657,1906,36917,4576,4576,117
Jul 24, 2020,95418,95418,1761,36808,4665,4665,89
Jul 25, 2020,97286,97286,1868,37218,4714,4714,49
Jul 26, 2020,98778,98778,1492,37342,4781,4781,67
Jul 27, 2020,100303,100303,1525,37292,4838,4838,57
Jul 28, 2020,102051,102051,1748,36611,4901,4901,63
Jul 29, 2020,104432,104432,2381,37319,4975,4975,74
Jul 30, 2020,106336,106336,1904,36986,5058,5058,83
Jul 31, 2020,108376,108376,2040,37338,5131,5131,73
Aug 01, 2020,109936,109936,1560,36824,5193,5193,62
Aug 02, 2020,111455,111455,1519,37244,5236,5236,43
Aug 03, 2020,113134,113134,1679,37595,5302,5302,66
Aug 04, 2020,115056,115056,1922,37618,5388,5388,86
Aug 05, 2020,116871,116871,1815,37530,5452,5452,64
Aug 06, 2020,118753,118753,1882,37587,5521,5521,69
Aug 07, 2020,121226,121226,2473,38076,5593,5593,72
Aug 08, 2020,123503,123503,2277,38539,5658,5658,65
Aug 09, 2020,125396,125396,1893,38721,5723,5723,65
Aug 10, 2020,127083,127083,1687,39082,5765,5765,42
Aug 11, 2020,128776,128776,1693,39242,5824,5824,59
Aug 12, 2020,130718,130718,1942,39017,5903,5903,79
Aug 13, 2020,132816,132816,2098,39290,5968,5968,65
Aug 14, 2020,135123,135123,2307,39484,6021,6021,53
Aug 15, 2020,137468,137468,2345,40076,6071,6071,50
Aug 16, 2020,139549,139549,2081,40296,6150,6150,79
Aug 17, 2020,141370,141370,1821,40705,6207,6207,57
Aug 18, 2020,143043,143043,1673,40460,6277,6277,70
Aug 19, 2020,144945,144945,1902,39942,6346,6346,69
Aug 20, 2020,147211,147211,2266,40119,6418,6418,72
Aug 21, 2020,149408,149408,2197,39917,6500,6500,82
Aug 22, 2020,151498,151498,2090,39706,6594,6594,94
Aug 23, 2020,153535,153535,2037,39355,6680,6680,86
Aug 24, 2020,155412,155412,1877,37593,6759,6759,79
Aug 25, 2020,157859,157859,2447,38134,6858,6858,99
Aug 26, 2020,160165,160165,2306,37812,6944,6944,86
Aug 27, 2020,162884,162884,2719,37245,7064,7064,120
Aug 28, 2020,165887,165887,3003,37818,7169,7169,105
Aug 29, 2020,169195,169195,3308,39132,7261,7261,92
Aug 30, 2020,172053,172053,2858,40525,7343,7343,82
Aug 31, 2020,174796,174796,2743,41420,7417,7417,74
Sep 01, 2020,177571,177571,2775,42009,7505,7505,88
Sep 02, 2020,180646,180646,3075,43059,7616,7616,111
Sep 03, 2020,184268,184268,3622,44463,7750,7750,134
Sep 04, 2020,187537,187537,3269,45524,7832,7832,82
Sep 05, 2020,190665,190665,3128,46324,7940,7940,108
Sep 06, 2020,194109,194109,3444,47509,8025,8025,85
Sep 07, 2020,196989,196989,2880,48207,8130,8130,105
Sep 08, 2020,200035,200035,3046,48847,8230,8230,100
Sep 09, 2020,203342,203342,3307,49806,8336,8336,106
Sep 10, 2020,207203,207203,3861,51237,8456,8456,120
Sep 11, 2020,210940,210940,3737,52179,8544,8544,88
Sep 12, 2020,214746,214746,3806,53638,8650,8650,106
Sep 13, 2020,218382,218382,3636,54649,8723,8723,73
Sep 14, 2020,221523,221523,3141,54277,8841,8841,118
Sep 15, 2020,225030,225030,3507,55000,8965,8965,124
Sep 16, 2020,228993,228993,3963,55792,9100,9100,135
Sep 17, 2020,232628,232628,3635,56720,9222,9222,122
Sep 18, 2020,236519,236519,3891,56409,9336,9336,114
Sep 19, 2020,240687,240687,4168,56889,9448,9448,112
Sep 20, 2020,244676,244676,3989,57796,9553,9553,105
Sep 21, 2020,248852,248852,4176,58378,9677,9677,124
Sep 22, 2020,252923,252923,4071,58788,9837,9837,160
Sep 23, 2020,257388,257388,4465,59453,9977,9977,140
Sep 24, 2020,262022,262022,4634,60064,10105,10105,128
Sep 25, 2020,266845,266845,4823,60431,10218,10218,113
Sep 26, 2020,271339,271339,4494,61628,10308,10308,90
Sep 27, 2020,275213,275213,3874,61813,10386,10386,78
Sep 28, 2020,278722,278722,3509,61379,10473,10473,87
Sep 29, 2020,282724,282724,4002,61686,10601,10601,128
Sep 30, 2020,287008,287008,4284,61321,10740,10740,139
Oct 01, 2020,291182,291182,4174,61839,10856,10856,116
Oct 02, 2020,295499,295499,4317,63187,10972,10972,116
Oct 03, 2020,299506,299506,4007,63399,11055,11055,83
Oct 04, 2020,303498,303498,3992,63894,11151,11151,96
Oct 05, 2020,307120,307120,3622,63274,11253,11253,102
Oct 06, 2020,311176,311176,4056,63365,11374,11374,121
Oct 07, 2020,315714,315714,4538,63951,11472,11472,98
Oct 08, 2020,320564,320564,4850,64924,11580,11580,108
Oct 09, 2020,324658,324658,4094,65314,11677,11677,97
Oct 10, 2020,328952,328952,4294,65706,11765,11765,88
Oct 11, 2020,333449,333449,4497,66578,11844,11844,79
Oct 12, 2020,336716,336716,3267,66262,11935,11935,91
Oct 13, 2020,340622,340622,3906,65299,12027,12027,92
Oct 14, 2020,344749,344749,4127,64742,12156,12156,129
Oct 15, 2020,349160,349160,4411,63231,12268,12268,112
Oct 16, 2020,353461,353461,4301,63570,12347,12347,79
Oct 17, 2020,357762,357762,4301,63739,12431,12431,84
Oct 18, 2020,361867,361867,4105,64032,12511,12511,80
Oct 19, 2020,365240,365240,3373,63380,12617,12617,106
Oct 20, 2020,368842,368842,3602,62455,12734,12734,117
Oct 21, 2020,373109,373109,4267,62743,12857,12857,123
Oct 22, 2020,377541,377541,4432,63576,12959,12959,102
Oct 23, 2020,381910,381910,4369,63733,13077,13077,118
Oct 24, 2020,385980,385980,4070,63556,13205,13205,128
Oct 25, 2020,389712,389712,3732,62649,13299,13299,94
Oct 26, 2020,392934,392934,3222,61851,13411,13411,112
Oct 27, 2020,396454,396454,3520,60694,13512,13512,101
Oct 28, 2020,400483,400483,4029,61078,13612,13612,100
Oct 29, 2020,404048,404048,3565,60569,13701,13701,89
Oct 30, 2020,406945,406945,2897,58868,13782,13782,81
Oct 31, 2020,410088,410088,3143,58418,13869,13869,87
Nov 01, 2020,412784,412784,2696,56899,13943,13943,74
Nov 02, 2020,415402,415402,2618,55792,14044,14044,101
Nov 03, 2020,418375,418375,2973,54732,14146,14146,102
Nov 04, 2020,421731,421731,3356,54190,14259,14259,113
Nov 05, 2020,425796,425796,4065,54306,14348,14348,89
Nov 06, 2020,429574,429574,3778,54427,14442,14442,94
Nov 07, 2020,433836,433836,4262,54879,14540,14540,98
Nov 08, 2020,437716,437716,3880,54804,14614,14614,74
Nov 09, 2020,440569,440569,2853,53614,14689,14689,75
Nov 10, 2020,444348,444348,3779,53846,14761,14761,72
Nov 11, 2020,448118,448118,3770,54300,14836,14836,75
Nov 12, 2020,452291,452291,4173,55274,14933,14933,97
Nov 13, 2020,457735,457735,5444,57604,15037,15037,104
Nov 14, 2020,463007,463007,5272,59765,15148,15148,111
Nov 15, 2020,467113,467113,4106,59911,15211,15211,63
Nov 16, 2020,470648,470648,3535,59909,15296,15296,85
Nov 17, 2020,474455,474455,3807,60426,15393,15393,97
Nov 18, 2020,478720,478720,4265,60870,15503,15503,110
Nov 19, 2020,483518,483518,4798,61306,15600,15600,97
Nov 20, 2020,488310,488310,4792,62080,15678,15678,78
Nov 21, 2020,493308,493308,4998,63579,15774,15774,96
Nov 22, 2020,497668,497668,4360,63596,15884,15884,110
Nov 23, 2020,502110,502110,4442,63722,16002,16002,118
Nov 24, 2020,506302,506302,4192,64878,16111,16111,109
Nov 25, 2020,511836,511836,5534,65804,16225,16225,114
Nov 26, 2020,516753,516753,4917,66752,16352,16352,127
Nov 27, 2020,522581,522581,5828,68604,16521,16521,169
Nov 28, 2020,527999,527999,5418,69370,16646,16646,125
Nov 29, 2020,534266,534266,6267,71658,16815,16815,169
Nov 30, 2020,538883,538883,4617,71420,16945,16945,130
Dec 01, 2020,543975,543975,5092,72015,17081,17081,136
Dec 02, 2020,549508,549508,5533,73429,17199,17199,118
Dec 03, 2020,557877,557877,8369,77969,17355,17355,156
Dec 04, 2020,563680,563680,5803,80023,17479,17479,124
Dec 05, 2020,569707,569707,6027,81669,17589,17589,110
Dec 06, 2020,575796,575796,6089,83285,17740,17740,151
Dec 07, 2020,581550,581550,5754,84481,17867,17867,127
Dec 08, 2020,586842,586842,5292,85345,18000,18000,133
Dec 09, 2020,592900,592900,6058,87284,18171,18171,171
Dec 10, 2020,598933,598933,6033,88622,18336,18336,165
Dec 11, 2020,605243,605243,6310,89846,18511,18511,175
Dec 12, 2020,611631,611631,6388,91602,18653,18653,142
Dec 13, 2020,617820,617820,6189,93165,18819,18819,166
Dec 14, 2020,623309,623309,5489,93396,18956,18956,137
Dec 15, 2020,629429,629429,6120,93662,19111,19111,155
Dec 16, 2020,636154,636154,6725,94922,19248,19248,137
Dec 17, 2020,643508,643508,7354,97139,19390,19390,142
Dec 18, 2020,650197,650197,6689,98688,19514,19514,124
Dec 19, 2020,657948,657948,7751,102029,19659,19659,145
Dec 20, 2020,664930,664930,6982,103239,19880,19880,221
Dec 21, 2020,671778,671778,6848,104809,20085,20085,205
Dec 22, 2020,678125,678125,6347,105146,20257,20257,172
Dec 23, 2020,685639,685639,7514,106528,20408,20408,151
Dec 24, 2020,692838,692838,7199,108269,20589,20589,181
Dec 25, 2020,700097,700097,7259,108946,20847,20847,258
Dec 26, 2020,706837,706837,6740,109150,20994,20994,147
Dec 27, 2020,713365,713365,6528,108452,21237,21237,243
Dec 28, 2020,719219,719219,5854,107789,21452,21452,215
Dec 29, 2020,727122,727122,7903,108636,21703,21703,251
Dec 30, 2020,735124,735124,8002,109439,21944,21944,241
Dec 31, 2020,743198,743198,8074,109963,22138,22138,194
Jan 01, 2021,751270,751270,8072,111005,22329,22329,191
Jan 02, 2021,758473,758473,7203,110400,22555,22555,226
Jan 03, 2021,765350,765350,6877,110679,22734,22734,179
Jan 04, 2021,772103,772103,6753,110089,22911,22911,177
Jan 05, 2021,779548,779548,7445,110693,23109,23109,198
Jan 06, 2021,788402,788402,8854,112593,23296,23296,187
Jan 07, 2021,797723,797723,9321,114766,23520,23520,224
Jan 08, 2021,808340,808340,10617,117704,23753,23753,233
Jan 09, 2021,818386,818386,10046,120928,23947,23947,194
Jan 10, 2021,828026,828026,9640,122873,24129,24129,182
Jan 11, 2021,836718,836718,8692,123636,24343,24343,214
Jan 12, 2021,846765,846765,10047,126313,24645,24645,302
Jan 13, 2021,858043,858043,11278,129628,24951,24951,306
Jan 14, 2021,869600,869600,11557,133149,25246,25246,295
Jan 15, 2021,882418,882418,12818,138238,25484,25484,238
Jan 16, 2021,896642,896642,14224,143517,25767,25767,283
Jan 17, 2021,907929,907929,11287,145482,25987,25987,220
Jan 18, 2021,917015,917015,9086,144798,26282,26282,295
Jan 19, 2021,927380,927380,10365,146842,26590,26590,308
Jan 20, 2021,939948,939948,12568,149388,26857,26857,267
Jan 21, 2021,951651,951651,11703,151658,27203,27203,346
Jan 22, 2021,965283,965283,13632,156683,27453,27453,250
Jan 23, 2021,977474,977474,12191,158751,27664,27664,211
Jan 24, 2021,989262,989262,11788,162617,27835,27835,171
Jan 25, 2021,999256,999256,9994,161636,28132,28132,297
Jan 26, 2021,1012350,1012350,13094,163526,28468,28468,336
Jan 27, 2021,1024298,1024298,11948,164113,28855,28855,387
Jan 28, 2021,1037993,1037993,13695,166540,29331,29331,476
Jan 29, 2021,1051795,1051795,13802,170017,29518,29518,187
Jan 30, 2021,1066313,1066313,14518,174083,29728,29728,210
Jan 31, 2021,1078314,1078314,12001,175095,29998,29998,270
Feb 01, 2021,1089308,1089308,10994,175349,30277,30277,279
Feb 02, 2021,1099687,1099687,10379,172576,30581,30581,304
Feb 03, 2021,1111671,1111671,11984,175236,30770,30770,189
Feb 04, 2021,1123105,1123105,11434,174798,31001,31001,231
Feb 05, 2021,1134854,1134854,11749,176672,31202,31202,201
Feb 06, 2021,1147010,1147010,12156,176433,31393,31393,191
Feb 07, 2021,1157837,1157837,10827,176291,31556,31556,163
Feb 08, 2021,1166079,1166079,8242,171288,31763,31763,207
Feb 09, 2021,1174779,1174779,8700,169351,31976,31976,213
Feb 10, 2021,1183555,1183555,8776,168416,32167,32167,191
Feb 11, 2021,1191990,1191990,8435,166492,32381,32381,214
Feb 12, 2021,1201859,1201859,9869,165086,32656,32656,275
Feb 13, 2021,1210703,1210703,8844,161731,32936,32936,280
Feb 14, 2021,1217468,1217468,6765,159012,33183,33183,247
Feb 15, 2021,1223930,1223930,6462,158498,33367,33367,184
Feb 16, 2021,1233959,1233959,10029,160689,33596,33596,229
Feb 17, 2021,1243646,1243646,9687,162182,33788,33788,192
Feb 18, 2021,1252685,1252685,9039,160494,33969,33969,181
Feb 19, 2021,1263299,1263299,10614,160142,34152,34152,183
Feb 20, 2021,1271353,1271353,8054,158197,34316,34316,164
Feb 21, 2021,1278653,1278653,7300,157088,34489,34489,173
Feb 22, 2021,1288833,1288833,10180,157148,34691,34691,202
Feb 23, 2021,1298608,1298608,9775,158604,35014,35014,323
Feb 24, 2021,1306141,1306141,7533,158162,35254,35254,240
Feb 25, 2021,1314634,1314634,8493,157705,35518,35518,264
Feb 26, 2021,1322866,1322866,8232,158408,35786,35786,268
Feb 27, 2021,1329074,1329074,6208,157039,35981,35981,195
Feb 28, 2021,1334634,1334634,5560,155765,36166,36166,185
Mar 01, 2021,1341314,1341314,6680,153074,36325,36325,159
Mar 02, 2021,1347026,1347026,5712,149645,36518,36518,193
Mar 03, 2021,1353834,1353834,6808,147197,36721,36721,203
Mar 04, 2021,1361098,1361098,7264,147845,36897,36897,176
Mar 05, 2021,1368069,1368069,6971,148356,37026,37026,129
Mar 06, 2021,1373836,1373836,5767,147172,37154,37154,128
Mar 07, 2021,1379662,1379662,5826,147740,37266,37266,112
Mar 08, 2021,1386556,1386556,6894,145628,37547,37547,281
Mar 09, 2021,1392945,1392945,6389,144311,37757,37757,210
Mar 10, 2021,1398578,1398578,5633,144213,37932,37932,175
Mar 11, 2021,1403722,1403722,5144,141070,38049,38049,117
Mar 12, 2021,1410134,1410134,6412,140451,38229,38229,180
Mar 13, 2021,1414741,1414741,4607,138942,38329,38329,100
Mar 14, 2021,1419455,1419455,4714,137912,38426,38426,97
Mar 15, 2021,1425044,1425044,5589,136524,38573,38573,147
Mar 16, 2021,1430458,1430458,5414,134042,38753,38753,180
Mar 17, 2021,1437283,1437283,6825,131695,38915,38915,162
Mar 18, 2021,1443853,1443853,6570,131753,39142,39142,227
Mar 19, 2021,1450132,1450132,6279,131828,39339,39339,197
Mar 20, 2021,1455788,1455788,5656,131616,39447,39447,108
Mar 21, 2021,1460184,1460184,4396,129844,39550,39550,103
Mar 22, 2021,1465928,1465928,5744,128250,39711,39711,161
Mar 23, 2021,1471225,1471225,5297,126439,39865,39865,154
Mar 24, 2021,1476452,1476452,5227,123926,39983,39983,118
Mar 25, 2021,1482559,1482559,6107,125279,40081,40081,98
Mar 26, 2021,1487541,1487541,4982,124497,40166,40166,85
Mar 27, 2021,1492002,1492002,4461,124517,40364,40364,198
Mar 28, 2021,1496085,1496085,4083,124236,40449,40449,85
Mar 29, 2021,1501093,1501093,5008,123694,40581,40581,132
Mar 30, 2021,1505775,1505775,4682,122326,40754,40754,173
Mar 31, 2021,1511712,1511712,5937,122524,40858,40858,104
Apr 01, 2021,1517854,1517854,6142,121222,41054,41054,196
Apr 02, 2021,1523179,1523179,5325,121011,41151,41151,97
Apr 03, 2021,1527524,1527524,4345,120068,41242,41242,91
Apr 04, 2021,1534255,1534255,6731,116709,41669,41669,427
Apr 05, 2021,1537967,1537967,3712,114475,41815,41815,146
Apr 06, 2021,1542516,1542516,4549,114566,41977,41977,162
Apr 07, 2021,1547376,1547376,4860,113570,42064,42064,87
Apr 08, 2021,1552880,1552880,5504,111271,42227,42227,163
Apr 09, 2021,1558145,1558145,5265,110138,42348,42348,121
Apr 10, 2021,1562868,1562868,4723,111137,42443,42443,95
Apr 11, 2021,1566995,1566995,4127,109958,42530,42530,87
Apr 12, 2021,1571824,1571824,4829,109372,42656,42656,126
Apr 13, 2021,1577526,1577526,5702,108599,42782,42782,126
Apr 14, 2021,1583182,1583182,5656,108384,42906,42906,124
Apr 15, 2021,1589359,1589359,6177,108032,43073,43073,167
Apr 16, 2021,1594722,1594722,5363,107297,43196,43196,123
Apr 17, 2021,1599763,1599763,5041,106243,43328,43328,132
Apr 18, 2021,1604348,1604348,4585,105859,43424,43424,96
Apr 19, 2021,1609300,1609300,4952,104319,43567,43567,143
Apr 20, 2021,1614849,1614849,5549,102930,43777,43777,210
Apr 21, 2021,1620569,1620569,5720,101106,44007,44007,230
Apr 22, 2021,1626812,1626812,6243,101191,44172,44172,165
Apr 23, 2021,1632248,1632248,5436,100533,44346,44346,174
Apr 24, 2021,1636792,1636792,4544,99970,44500,44500,154
Apr 25, 2021,1641194,1641194,4402,100474,44594,44594,94
Apr 26, 2021,1647138,1647138,5944,100652,44771,44771,177
Apr 27, 2021,1651794,1651794,4656,100256,44939,44939,168
Apr 28, 2021,1657035,1657035,5241,100502,45116,45116,177
Apr 29, 2021,1662868,1662868,5833,100102,45334,45334,218
Apr 30, 2021,1668368,1668368,5500,100213,45521,45521,187
May 01, 2021,1672880,1672880,4512,100250,45652,45652,131
May 02, 2021,1677274,1677274,4394,100760,45796,45796,144
May 03, 2021,1682004,1682004,4730,100564,45949,45949,153
May 04, 2021,1686373,1686373,4369,99087,46137,46137,188
May 05, 2021,1691658,1691658,5285,98217,46349,46349,212
May 06, 2021,1697305,1697305,5647,98277,46496,46496,147
May 07, 2021,1703632,1703632,6327,98546,46663,46663,167
May 08, 2021,1709762,1709762,6130,99003,46842,46842,179
May 09, 2021,1713684,1713684,3922,98395,47012,47012,170
May 10, 2021,1718575,1718575,4891,96742,47218,47218,206
May 11, 2021,1723596,1723596,5021,95924,47465,47465,247
May 12, 2021,1728204,1728204,4608,95709,47617,47617,152
May 13, 2021,1731652,1731652,3448,94857,47716,47716,99
May 14, 2021,1734285,1734285,2633,93576,47823,47823,107
May 15, 2021,1736670,1736670,2385,91636,47967,47967,144
May 16, 2021,1739750,1739750,3080,90800,48093,48093,126
May 17, 2021,1744045,1744045,4295,89129,48305,48305,212
May 18, 2021,1748230,1748230,4185,87514,48477,48477,172
May 19, 2021,1753101,1753101,4871,87829,48669,48669,192
May 20, 2021,1758898,1758898,5797,88439,48887,48887,218
May 21, 2021,1764644,1764644,5746,89429,49073,49073,186
May 22, 2021,1769940,1769940,5296,91240,49205,49205,132
May 23, 2021,1775220,1775220,5280,92847,49328,49328,123
May 24, 2021,1781127,1781127,5907,93393,49455,49455,127
May 25, 2021,1786187,1786187,5060,94486,49627,49627,172
May 26, 2021,1791221,1791221,5034,96187,49771,49771,144
May 27, 2021,1797499,1797499,6278,98405,49907,49907,136
May 28, 2021,1803361,1803361,5862,98704,50100,50100,193
May 29, 2021,1809926,1809926,6565,99690,50262,50262,162
May 30, 2021,1816041,1816041,6115,101639,50404,50404,142
May 31, 2021,1821703,1821703,5662,102006,50578,50578,174
Jun 01, 2021,1826527,1826527,4824,101325,50723,50723,145
Jun 02, 2021,1831773,1831773,5246,100364,50908,50908,185
Jun 03, 2021,1837126,1837126,5353,94438,51095,51095,187
Jun 04, 2021,1843612,1843612,6486,94773,51296,51296,201
Jun 05, 2021,1850206,1850206,6594,96973,51449,51449,153
Jun 06, 2021,1856038,1856038,5832,98455,51612,51612,163
Jun 07, 2021,1863031,1863031,6993,99663,51803,51803,191
Jun 08, 2021,1869325,1869325,6294,99963,51992,51992,189
Jun 09, 2021,1877050,1877050,7725,101635,52162,52162,170
Jun 10, 2021,1885942,1885942,8892,104655,52373,52373,211
Jun 11, 2021,1894025,1894025,8083,106315,52566,52566,193
Jun 12, 2021,1901490,1901490,7465,108324,52730,52730,164
Jun 13, 2021,1911358,1911358,9868,113388,52879,52879,149
Jun 14, 2021,1919547,1919547,8189,115197,53116,53116,237
Jun 15, 2021,1927708,1927708,8161,116787,53280,53280,164
Jun 16, 2021,1937652,1937652,9944,120306,53476,53476,196
Jun 17, 2021,1950276,1950276,12624,125303,53753,53753,277
Jun 18, 2021,1963266,1963266,12990,130096,54043,54043,290
Jun 19, 2021,1976172,1976172,12906,135738,54291,54291,248
Jun 20, 2021,1989909,1989909,13737,142719,54662,54662,371
Jun 21, 2021,2004445,2004445,14536,147728,54956,54956,294
Jun 22, 2021,2018113,2018113,13668,152686,55291,55291,335
Jun 23, 2021,2033421,2033421,15308,160524,55594,55594,303
Jun 24, 2021,2053995,2053995,20574,171542,55949,55949,355
Jun 25, 2021,2072867,2072867,18872,181435,56371,56371,422
Jun 26, 2021,2093962,2093962,21095,194776,56729,56729,358
Jun 27, 2021,2115304,2115304,21342,207685,57138,57138,409
Jun 28, 2021,2135998,2135998,20694,218476,57561,57561,423
Jun 29, 2021,2156465,2156465,20467,228835,58024,58024,463
Jun 30, 2021,2178272,2178272,21807,239368,58491,58491,467
Jul 01, 2021,2203108,2203108,24836,253826,58995,58995,504
Jul 02, 2021,2228938,2228938,25830,267539,59534,59534,539
Jul 03, 2021,2256851,2256851,27913,281677,60027,60027,493
Jul 04, 2021,2284084,2284084,27233,295228,60582,60582,555
Jul 05, 2021,2313829,2313829,29745,309999,61140,61140,558
Jul 06, 2021,2345018,2345018,31189,324597,61868,61868,728
Jul 07, 2021,2379397,2379397,34379,343101,62908,62908,1040
Jul 08, 2021,2417788,2417788,38391,359455,63760,63760,852
Jul 09, 2021,2455912,2455912,38124,367733,64631,64631,871
Jul 10, 2021,2491006,2491006,35094,373440,65457,65457,826
Jul 11, 2021,2527203,2527203,36197,376015,66464,66464,1007
Jul 12, 2021,2567630,2567630,40427,380797,67355,67355,891
Jul 13, 2021,2615529,2615529,47899,407709,68219,68219,864
Jul 14, 2021,2670046,2670046,54517,443473,69210,69210,991
Jul 15, 2021,2726803,2726803,56757,480199,70192,70192,982
Jul 16, 2021,2780803,2780803,54000,504915,71397,71397,1205
Jul 17, 2021,2832755,2832755,51952,527872,72489,72489,1092
Jul 18, 2021,2877476,2877476,44721,542236,73582,73582,1093
Jul 19, 2021,2911733,2911733,34257,542938,74920,74920,1338
Jul 20, 2021,2950058,2950058,38325,550192,76200,76200,1280
Jul 21, 2021,2983830,2983830,33772,549694,77583,77583,1383
Jul 22, 2021,3033339,3033339,49509,561384,79032,79032,1449
Jul 23, 2021,3082410,3082410,49071,569901,80598,80598,1566
Jul 24, 2021,3127826,3127826,45416,574135,82013,82013,1415
Jul 25, 2021,3166505,3166505,38679,573908,83279,83279,1266
Jul 26, 2021,3194733,3194733,28228,560275,84766,84766,1487
Jul 27, 2021,3239936,3239936,45203,556281,86835,86835,2069
Jul 28, 2021,3287727,3287727,47791,558392,88659,88659,1824
Jul 29, 2021,3331206,3331206,43479,554484,90552,90552,1893
Jul 30, 2021,3372374,3372374,41168,549343,92311,92311,1759
Jul 31, 2021,3409658,3409658,37284,545447,94119,94119,1808
Aug 01, 2021,3440396,3440396,30738,535135,95723,95723,1604
Aug 02, 2021,3462800,3462800,22404,523164,97291,97291,1568
Aug 03, 2021,3496700,3496700,33900,524142,98889,98889,1598
Aug 04, 2021,3532567,3532567,35867,524011,100636,100636,1747
Aug 05, 2021,3568331,3568331,35764,518310,102375,102375,1739
Aug 06, 2021,3607863,3607863,39532,507375,104010,104010,1635
Aug 07, 2021,3639616,3639616,31753,497824,105598,105598,1588
Aug 08, 2021,3666031,3666031,26415,474233,107096,107096,1498
Aug 09, 2021,3686740,3686740,20709,448508,108571,108571,1475
Aug 10, 2021,3718821,3718821,32081,437055,110619,110619,2048
Aug 11, 2021,3749446,3749446,30625,426170,112198,112198,1579
Aug 12, 2021,3774155,3774155,24709,412776,113664,113664,1466
Aug 13, 2021,3804943,3804943,30788,400129,115096,115096,1432
Aug 14, 2021,3833541,3833541,28598,395577,116366,116366,1270
Aug 15, 2021,3854354,3854354,20813,384807,117588,117588,1222
Aug 16, 2021,3871738,3871738,17384,371021,118833,118833,1245
Aug 17, 2021,3892479,3892479,20741,358357,120013,120013,1180
Aug 18, 2021,3908247,3908247,15768,343203,121141,121141,1128
Aug 19, 2021,3930300,3930300,22053,334752,122633,122633,1492
Aug 20, 2021,3950304,3950304,20004,327286,123981,123981,1348
Aug 21, 2021,3967048,3967048,16744,319658,125342,125342,1361
Aug 22, 2021,3979456,3979456,12408,306760,126372,126372,1030
Aug 23, 2021,3989060,3989060,9604,290764,127214,127214,842
Aug 24, 2021,4008166,4008166,19106,273750,128252,128252,1038
Aug 25, 2021,4026837,4026837,18671,257677,129293,129293,1041
Aug 26, 2021,4043736,4043736,16899,243588,130182,130182,889
Aug 27, 2021,4056354,4056354,12618,236317,130781,130781,599
Aug 28, 2021,4066404,4066404,10050,227182,131372,131372,591
Aug 29, 2021,4073831,4073831,7427,217590,131923,131923,551
Aug 30, 2021,4079267,4079267,5436,203060,132491,132491,568
Aug 31, 2021,4089801,4089801,10534,196281,133023,133023,532
Sep 01, 2021,4100138,4100138,10337,189571,133676,133676,653
Sep 02, 2021,4109093,4109093,8955,176638,134356,134356,680
Sep 03, 2021,4116890,4116890,7797,168317,134930,134930,574
Sep 04, 2021,4123617,4123617,6727,160699,135469,135469,539
Sep 05, 2021,4129020,4129020,5403,155519,135861,135861,392
Sep 06, 2021,4133433,4133433,4413,146271,136473,136473,612
Sep 07, 2021,4140634,4140634,7201,138630,137156,137156,683
Sep 08, 2021,4147365,4147365,6731,132823,137782,137782,626
Sep 09, 2021,4153355,4153355,5990,127829,138116,138116,334
Sep 10, 2021,4158731,4158731,5376,118534,138431,138431,315
Sep 11, 2021,4163732,4163732,5001,115679,138701,138701,270
Sep 12, 2021,4167511,4167511,3779,109869,138889,138889,188
Sep 13, 2021,4170088,4170088,2577,99696,139165,139165,276
Sep 14, 2021,4174216,4174216,4128,92328,139415,139415,250
Sep 15, 2021,4178164,4178164,3948,84963,139682,139682,267
Sep 16, 2021,4181309,4181309,3145,73238,139919,139919,237
Sep 17, 2021,4185144,4185144,3835,68942,140138,140138,219
Sep 18, 2021,4188529,4188529,3385,65066,140323,140323,185
Sep 19, 2021,4190763,4190763,2234,60969,140468,140468,145
Sep 20, 2021,4192695,4192695,1932,55936,140634,140634,166
Sep 21, 2021,4195958,4195958,3263,52447,140805,140805,171
Sep 22, 2021,4198678,4198678,2720,49662,140954,140954,149
Sep 23, 2021,4201559,4201559,2881,47997,141114,141114,160
Sep 24, 2021,4204116,4204116,2557,45803,141258,141258,144
Sep 25, 2021,4206253,4206253,2137,44071,141381,141381,123
Sep 26, 2021,4208013,4208013,1760,42769,141467,141467,86
Sep 27, 2021,4209403,4209403,1390,40270,141585,141585,118
Sep 28, 2021,4211460,4211460,2057,38652,141709,141709,124
Sep 29, 2021,4213414,4213414,1954,37412,141826,141826,117
Sep 30, 2021,4215104,4215104,1690,36141,141939,141939,113
Oct 01, 2021,4216728,4216728,1624,34867,142026,142026,87
Oct 02, 2021,4218142,4218142,1414,33812,142115,142115,89
Oct 03, 2021,4219284,4219284,1142,32876,142173,142173,58
Oct 04, 2021,4220206,4220206,922,31054,142261,142261,88
Oct 05, 2021,4221610,4221610,1404,29823,142338,142338,77
Oct 06, 2021,4223094,4223094,1484,28381,142413,142413,75
Oct 07, 2021,4224487,4224487,1393,27747,142494,142494,81
Oct 08, 2021,4225871,4225871,1384,25551,142560,142560,66
Oct 09, 2021,4227038,4227038,1167,25159,142612,142612,52
Oct 10, 2021,4227932,4227932,894,24430,142651,142651,39
Oct 11, 2021,4228552,4228552,620,22541,142716,142716,65
Oct 12, 2021,4229813,4229813,1261,21625,142763,142763,47
Oct 13, 2021,4231046,4231046,1233,20551,142811,142811,48
Oct 14, 2021,4232099,4232099,1053,19852,142848,142848,37
Oct 15, 2021,4233014,4233014,915,19318,142889,142889,41
Oct 16, 2021,4234011,4234011,997,18746,142933,142933,44
Oct 17, 2021,4234758,4234758,747,18388,142952,142952,19
Oct 18, 2021,4235384,4235384,626,17374,142999,142999,47
Oct 19, 2021,4236287,4236287,903,16697,143049,143049,50
Oct 20, 2021,4237201,4237201,914,16376,143077,143077,28
Oct 21, 2021,4237834,4237834,633,15594,143120,143120,43
Oct 22, 2021,4238594,4238594,760,15090,143153,143153,33
Oct 23, 2021,4239396,4239396,802,14803,143176,143176,23
Oct 24, 2021,4240019,4240019,623,14360,143205,143205,29
Oct 25, 2021,4240479,4240479,460,13554,143235,143235,30
Oct 26, 2021,4241090,4241090,611,12989,143270,143270,35
Oct 27, 2021,4241809,4241809,719,12735,143299,143299,29
Oct 28, 2021,4242532,4242532,723,12440,143333,143333,34
Oct 29, 2021,4243215,4243215,683,12414,143361,143361,28
Oct 30, 2021,4243835,4243835,620,12309,143388,143388,27
Oct 31, 2021,4244358,4244358,523,12318,143405,143405,17
Nov 01, 2021,4244761,4244761,403,11919,143423,143423,18
Nov 02, 2021,4245373,4245373,612,11629,143457,143457,34
Nov 03, 2021,4246174,4246174,801,11592,143481,143481,24
Nov 04, 2021,4246802,4246802,628,11364,143500,143500,19
Nov 05, 2021,4247320,4247320,518,11215,143519,143519,19
Nov 06, 2021,4247721,4247721,401,10979,143534,143534,15
Nov 07, 2021,4248165,4248165,444,10825,143545,143545,11
Nov 08, 2021,4248409,4248409,244,9774,143557,143557,12
Nov 09, 2021,4248843,4248843,434,9602,143578,143578,21
Nov 10, 2021,4249323,4249323,480,9537,143592,143592,14
Nov 11, 2021,4249758,4249758,435,9486,143608,143608,16
Nov 12, 2021,4250157,4250157,399,9305,143628,143628,20
Nov 13, 2021,4250516,4250516,359,9197,143644,143644,16
Nov 14, 2021,4250855,4250855,339,9018,143659,143659,15
Nov 15, 2021,4251076,4251076,221,8522,143670,143670,11
Nov 16, 2021,4251423,4251423,347,8339,143685,143685,15
Nov 17, 2021,4251945,4251945,522,8390,143698,143698,13
Nov 18, 2021,4252345,4252345,400,8315,143709,143709,11
Nov 19, 2021,4252705,4252705,360,8154,143714,143714,5
Nov 20, 2021,4253098,4253098,393,8154,143728,143728,14
Nov 21, 2021,4253412,4253412,314,8126,143739,143739,11
Nov 22, 2021,4253598,4253598,186,7965,143744,143744,5
Nov 23, 2021,4253992,4253992,394,7916,143753,143753,9
Nov 24, 2021,4254443,4254443,451,7977,143766,143766,13
Nov 25, 2021,4254815,4254815,372,8040,143782,143782,16
Nov 26, 2021,4255268,4255268,453,8093,143796,143796,14
Nov 27, 2021,4255672,4255672,404,8226,143807,143807,11
Nov 28, 2021,4255936,4255936,264,8214,143808,143808,1
Nov 29, 2021,4256112,4256112,176,7960,143819,143819,11
Nov 30, 2021,4256409,4256409,297,7922,143830,143830,11
Dec 01, 2021,4256687,4256687,278,7883,143840,143840,10
Dec 02, 2021,4256998,4256998,311,7796,143850,143850,10
Dec 03, 2021,4257243,4257243,245,7705,143858,143858,8
Dec 04, 2021,4257489,4257489,246,7632,143863,143863,5
Dec 05, 2021,4257685,4257685,196,7526,143867,143867,4
Dec 06, 2021,4257815,4257815,130,5642,143876,143876,9
Dec 07, 2021,4258076,4258076,261,5466,143893,143893,17
Dec 08, 2021,4258340,4258340,264,5363,143909,143909,16
Dec 09, 2021,4258560,4258560,220,5278,143918,143918,9
Dec 10, 2021,4258752,4258752,192,5154,143923,143923,5
Dec 11, 2021,4258980,4258980,228,5186,143929,143929,6
Dec 12, 2021,4259143,4259143,163,5158,143936,143936,7
Dec 13, 2021,4259249,4259249,106,4974,143948,143948,12
Dec 14, 2021,4259439,4259439,190,4905,143960,143960,12
Dec 15, 2021,4259644,4259644,205,4864,143969,143969,9
Dec 16, 2021,4259857,4259857,213,4833,143979,143979,10
Dec 17, 2021,4260148,4260148,291,4912,143986,143986,7
Dec 18, 2021,4260380,4260380,232,4918,143998,143998,12
Dec 19, 2021,4260544,4260544,164,4923,144002,144002,4
Dec 20, 2021,4260677,4260677,133,4829,144013,144013,11
Dec 21, 2021,4260893,4260893,216,4829,144024,144024,11
Dec 22, 2021,4261072,4261072,179,4746,144034,144034,10
Dec 23, 2021,4261208,4261208,136,4642,144042,144042,8
Dec 24, 2021,4261412,4261412,204,4659,144047,144047,5
Dec 25, 2021,4261667,4261667,255,4713,144053,144053,6
Dec 26, 2021,4261759,4261759,92,4655,144055,144055,2
Dec 27, 2021,4261879,4261879,120,4496,144063,144063,8
Dec 28, 2021,4262157,4262157,278,4614,144071,144071,8
Dec 29, 2021,4262351,4262351,194,4528,144081,144081,10
Dec 30, 2021,4262540,4262540,189,4311,144088,144088,7
Dec 31, 2021,4262720,4262720,180,4292,144094,144094,6
Jan 01, 2022,4262994,4262994,274,4399,144096,144096,2
Jan 02, 2022,4263168,4263168,174,4382,144097,144097,1
Jan 03, 2022,4263433,4263433,265,4530,144102,144102,5
Jan 04, 2022,4263732,4263732,299,4658,144105,144105,3
Jan 05, 2022,4264136,4264136,404,4878,144109,144109,4
Jan 06, 2022,4264669,4264669,533,5195,144116,144116,7
Jan 07, 2022,4265187,4265187,518,5494,144121,144121,5
Jan 08, 2022,4265666,4265666,479,5792,144127,144127,6
Jan 09, 2022,4266195,4266195,529,6108,144129,144129,2
Jan 10, 2022,4266649,4266649,454,6311,144136,144136,7
Jan 11, 2022,4267451,4267451,802,6659,144144,144144,8
Jan 12, 2022,4268097,4268097,646,6985,144150,144150,6
Jan 13, 2022,4268890,4268890,793,7388,144155,144155,5
Jan 14, 2022,4269740,4269740,850,7877,144163,144163,8
Jan 15, 2022,4270794,4270794,1054,8463,144167,144167,4
Jan 16, 2022,4271649,4271649,855,8605,144170,144170,3
Jan 17, 2022,4272421,4272421,772,8775,144174,144174,4
Jan 18, 2022,4273783,4273783,1362,9564,144183,144183,9
Jan 19, 2022,4275528,4275528,1745,10796,144192,144192,9
Jan 20, 2022,4277644,4277644,2116,12328,144199,144199,7
Jan 21, 2022,4280248,4280248,2604,14119,144201,144201,2
Jan 22, 2022,4283453,4283453,3205,16692,144206,144206,5
Jan 23, 2022,4286378,4286378,2925,18891,144220,144220,14
Jan 24, 2022,4289305,4289305,2927,20867,144227,144227,7
Jan 25, 2022,4294183,4294183,4878,24856,144247,144247,20
Jan 26, 2022,4301193,4301193,7010,29277,144254,144254,7
Jan 27, 2022,4309270,4309270,8077,35704,144261,144261,7
Jan 28, 2022,4319175,4319175,9905,43574,144268,144268,7
Jan 29, 2022,4330763,4330763,11588,52555,144285,144285,17
Jan 30, 2022,4343185,4343185,12422,61718,144303,144303,18
Jan 31, 2022,4353370,4353370,10185,68596,144320,144320,17
Feb 01, 2022,4369391,4369391,16021,81349,144348,144348,28
Feb 02, 2022,4387286,4387286,17895,94109,144373,144373,25
Feb 03, 2022,4414483,4414483,27197,115275,144411,144411,38
Feb 04, 2022,4446694,4446694,32211,140254,144453,144453,42
Feb 05, 2022,4480423,4480423,33729,163468,144497,144497,44
Feb 06, 2022,4516480,4516480,36057,188899,144554,144554,57
Feb 07, 2022,4542601,4542601,26121,206361,144636,144636,82
Feb 08, 2022,4580093,4580093,37492,233062,144719,144719,83
Feb 09, 2022,4626936,4626936,46843,265824,144784,144784,65
Feb 10, 2022,4667554,4667554,40618,288186,144858,144858,74
Feb 11, 2022,4708043,4708043,40489,312808,144958,144958,100
Feb 12, 2022,4763252,4763252,55209,335340,145065,145065,107
Feb 13, 2022,4807778,4807778,44526,352839,145176,145176,111
Feb 14, 2022,4844279,4844279,36501,375857,145321,145321,145
Feb 15, 2022,4901328,4901328,57049,406025,145455,145455,134
Feb 16, 2022,4966046,4966046,64718,445190,145622,145622,167
Feb 17, 2022,5030002,5030002,63956,469868,145828,145828,206
Feb 18, 2022,5089637,5089637,59635,496383,146044,146044,216
Feb 19, 2022,5149021,5149021,59384,520910,146202,146202,158
Feb 20, 2022,5197505,5197505,48484,536358,146365,146365,163
Feb 21, 2022,5231923,5231923,34418,530671,146541,146541,176
Feb 22, 2022,5289414,5289414,57491,549431,146798,146798,257
Feb 23, 2022,5350902,5350902,61488,571522,147025,147025,227
Feb 24, 2022,5408328,5408328,57426,586113,147342,147342,317
Feb 25, 2022,5457775,5457775,49447,573955,147586,147586,244
Feb 26, 2022,5504418,5504418,46643,578535,147844,147844,258
Feb 27, 2022,5539394,5539394,34976,573898,148073,148073,229
Feb 28, 2022,5564448,5564448,25054,554698,148335,148335,262
Mar 01, 2022,5589176,5589176,24728,539214,148660,148660,325
Mar 02, 2022,5630096,5630096,40920,536823,149036,149036,376
Mar 03, 2022,5667355,5667355,37259,531696,149268,149268,232
Mar 04, 2022,5693702,5693702,26347,517253,149596,149596,328
Mar 05, 2022,5723858,5723858,30156,500418,149918,149918,322
Mar 06, 2022,5748725,5748725,24867,475951,150172,150172,254
Mar 07, 2022,5770105,5770105,21380,448273,150430,150430,258
Mar 08, 2022,5800253,5800253,30148,422892,150831,150831,401
Mar 09, 2022,5826589,5826589,26336,417219,151135,151135,304
Mar 10, 2022,5847900,5847900,21311,399853,151413,151413,278
Mar 11, 2022,5864010,5864010,16110,376461,151703,151703,290
Mar 12, 2022,5878910,5878910,14900,357380,151951,151951,248
Mar 13, 2022,5890495,5890495,11585,342896,152166,152166,215
Mar 14, 2022,5900124,5900124,9629,312958,152437,152437,271
Mar 15, 2022,5914532,5914532,14408,299443,152745,152745,308
Mar 16, 2022,5927550,5927550,13018,279969,152975,152975,230
Mar 17, 2022,5939082,5939082,11532,262477,153212,153212,237
Mar 18, 2022,5948610,5948610,9528,245979,153411,153411,199
Mar 19, 2022,5956561,5956561,7951,229734,153599,153599,188
Mar 20, 2022,5962483,5962483,5922,219688,153738,153738,139
Mar 21, 2022,5967182,5967182,4699,203345,153892,153892,154
Mar 22, 2022,5974646,5974646,7464,181555,154062,154062,170
Mar 23, 2022,5981022,5981022,6376,168563,154221,154221,159
Mar 24, 2022,5986830,5986830,5808,155977,154343,154343,122
Mar 25, 2022,5991687,5991687,4857,146004,154463,154463,120
Mar 26, 2022,5995876,5995876,4189,139143,154570,154570,107
Mar 27, 2022,5998953,5998953,3077,129621,154670,154670,100
Mar 28, 2022,6001751,6001751,2798,122014,154774,154774,104
Mar 29, 2022,6005646,6005646,3895,115709,154882,154882,108
Mar 30, 2022,6009486,6009486,3840,111555,155000,155000,118
Mar 31, 2022,6012818,6012818,3332,106927,155089,155089,89
Apr 01, 2022,6015748,6015748,2930,100746,155164,155164,75
Apr 02, 2022,6018048,6018048,2300,98171,155241,155241,77
Apr 03, 2022,6019981,6019981,1933,95990,155288,155288,47
Apr 04, 2022,6021642,6021642,1661,90235,155349,155349,61
Apr 05, 2022,6023924,6023924,2282,85204,155421,155421,72
Apr 06, 2022,6026324,6026324,2400,82146,155464,155464,43
Apr 07, 2022,6028413,6028413,2089,78302,155509,155509,45
Apr 08, 2022,6030168,6030168,1755,76568,155556,155556,47
Apr 09, 2022,6031636,6031636,1468,74130,155597,155597,41
Apr 10, 2022,6032707,6032707,1071,72679,155626,155626,29
Apr 11, 2022,6033903,6033903,1196,69849,155674,155674,48
Apr 12, 2022,6035358,6035358,1455,67975,155717,155717,43
Apr 13, 2022,6036909,6036909,1551,66475,155746,155746,29
Apr 14, 2022,6037742,6037742,833,64044,155794,155794,48
Apr 15, 2022,6038664,6038664,922,62665,155820,155820,26
Apr 16, 2022,6039266,6039266,602,60475,155844,155844,24
Apr 17, 2022,6039873,6039873,607,58278,155866,155866,22
Apr 18, 2022,6040432,6040432,559,50969,155903,155903,37
Apr 19, 2022,6041269,6041269,837,49022,155937,155937,34
Apr 20, 2022,6042010,6042010,741,45091,155974,155974,37
Apr 21, 2022,6042595,6042595,585,31219,156015,156015,41
Apr 22, 2022,6043246,6043246,651,21037,156040,156040,25
Apr 23, 2022,6043768,6043768,522,19450,156067,156067,27
Apr 24, 2022,6044150,6044150,382,17631,156100,156100,33
Apr 25, 2022,6044467,6044467,317,13251,156133,156133,33
Apr 26, 2022,6045043,6045043,576,9739,156163,156163,30
Apr 27, 2022,6045660,6045660,617,9142,156199,156199,36
Apr 28, 2022,6046072,6046072,412,8365,156217,156217,18
Apr 29, 2022,6046467,6046467,395,8165,156240,156240,23
Apr 30, 2022,6046796,6046796,329,7879,156257,156257,17
May 01, 2022,6047040,6047040,244,7474,156273,156273,16
May 02, 2022,6047208,6047208,168,7257,156287,156287,14
May 03, 2022,6047315,6047315,107,6951,156305,156305,18
May 04, 2022,6047491,6047491,176,6845,156321,156321,16
May 05, 2022,6047741,6047741,250,6631,156340,156340,19
May 06, 2022,6047986,6047986,245,6530,156357,156357,17
May 07, 2022,6048204,6048204,218,6427,156371,156371,14
May 08, 2022,6048431,6048431,227,6192,156381,156381,10
May 09, 2022,6048685,6048685,254,6078,156396,156396,15
May 10, 2022,6049141,6049141,456,5855,156416,156416,20
May 11, 2022,6049541,6049541,400,5331,156424,156424,8
May 12, 2022,6049876,6049876,335,4867,156438,156438,14
May 13, 2022,6050211,6050211,335,4938,156448,156448,10
May 14, 2022,6050519,6050519,308,4825,156453,156453,5
May 15, 2022,6050776,6050776,257,4784,156458,156458,5
May 16, 2022,6050958,6050958,182,4697,156464,156464,6
May 17, 2022,6051205,6051205,247,3898,156481,156481,17
May 18, 2022,6051532,6051532,327,3844,156498,156498,17
May 19, 2022,6051850,6051850,318,3766,156510,156510,12
May 20, 2022,6052100,6052100,250,3715,156513,156513,3
May 21, 2022,6052363,6052363,263,3718,156519,156519,6
May 22, 2022,6052590,6052590,227,3657,156522,156522,3
May 23, 2022,6052764,6052764,174,2890,156534,156534,12
May 24, 2022,6053109,6053109,345,2933,156548,156548,14
May 25, 2022,6053424,6053424,315,3011,156553,156553,5
May 26, 2022,6053670,6053670,246,3011,156556,156556,3
May 27, 2022,6053894,6053894,224,2949,156565,156565,9
May 28, 2022,6054173,6054173,279,2972,156573,156573,8
May 29, 2022,6054415,6054415,242,2952,156574,156574,1
May 30, 2022,6054633,6054633,218,2871,156586,156586,12
May 31, 2022,6054973,6054973,340,2959,156591,156591,5
Jun 01, 2022,6055341,6055341,368,3141,156594,156594,3
Jun 02, 2022,6055645,6055645,304,3105,156600,156600,6
Jun 03, 2022,6056017,6056017,372,3123,156604,156604,4
Jun 04, 2022,6056412,6056412,395,3254,156610,156610,6
Jun 05, 2022,6056800,6056800,388,3433,156615,156615,5
Jun 06, 2022,6057142,6057142,342,3498,156622,156622,7
Jun 07, 2022,6057660,6057660,518,3664,156624,156624,2
Jun 08, 2022,6058180,6058180,520,3922,156628,156628,4
Jun 09, 2022,6058736,6058736,556,4061,156635,156635,7
Jun 10, 2022,6059363,6059363,627,4341,156638,156638,3
Jun 11, 2022,6059937,6059937,574,4538,156641,156641,3
Jun 12, 2022,6060488,6060488,551,4734,156643,156643,2
Jun 13, 2022,6061079,6061079,591,4926,156652,156652,9
Jun 14, 2022,6062009,6062009,930,5298,156662,156662,10
Jun 15, 2022,6063251,6063251,1242,6007,156670,156670,8
Jun 16, 2022,6064424,6064424,1173,6668,156673,156673,3
Jun 17, 2022,6065644,6065644,1220,7326,156679,156679,6
Jun 18, 2022,6066908,6066908,1264,8062,156684,156684,5
Jun 19, 2022,6068075,6068075,1167,8594,156687,156687,3
Jun 20, 2022,6069255,6069255,1180,9099,156695,156695,8
Jun 21, 2022,6070933,6070933,1678,10095,156700,156700,5
Jun 22, 2022,6072918,6072918,1985,11391,156702,156702,2
Jun 23, 2022,6074825,6074825,1907,12148,156706,156706,4
Jun 24, 2022,6076894,6076894,2069,13214,156711,156711,5
Jun 25, 2022,6078725,6078725,1831,13968,156714,156714,3
Jun 26, 2022,6080451,6080451,1726,14516,156717,156717,3
Jun 27, 2022,6081896,6081896,1445,14315,156726,156726,9
Jun 28, 2022,6084063,6084063,2167,15310,156728,156728,2
Jun 29, 2022,6086212,6086212,2149,16174,156731,156731,3
Jun 30, 2022,6088460,6088460,2248,16790,156737,156737,6
Jul 01, 2022,6090509,6090509,2049,16915,156740,156740,3
Jul 02, 2022,6092303,6092303,1794,16915,156745,156745,5
Jul 03, 2022,6093917,6093917,1614,16919,156749,156749,4
Jul 04, 2022,6095351,6095351,1434,16476,156758,156758,9
Jul 05, 2022,6097928,6097928,2577,17354,156766,156766,8
Jul 06, 2022,6100671,6100671,2743,18048,156770,156770,4
Jul 07, 2022,6103552,6103552,2881,19046,156776,156776,6
Jul 08, 2022,6106024,6106024,2472,19127,156781,156781,5
Jul 09, 2022,6108729,6108729,2705,19855,156785,156785,4
Jul 10, 2022,6111305,6111305,2576,20535,156791,156791,6
Jul 11, 2022,6112986,6112986,1681,20343,156798,156798,7
Jul 12, 2022,6116347,6116347,3361,21916,156806,156806,8
Jul 13, 2022,6120169,6120169,3822,23787,156818,156818,12
Jul 14, 2022,6123753,6123753,3584,24490,156827,156827,9
Jul 15, 2022,6127084,6127084,3331,24973,156833,156833,6
Jul 16, 2022,6131413,6131413,4329,26594,156839,156839,6
Jul 17, 2022,6134953,6134953,3540,27550,156849,156849,10
Jul 18, 2022,6138346,6138346,3393,28506,156859,156859,10
Jul 19, 2022,6143431,6143431,5085,30989,156865,156865,6
Jul 20, 2022,6149084,6149084,5653,34301,156875,156875,10
Jul 21, 2022,6154494,6154494,5410,36781,156880,156880,5
Jul 22, 2022,6159328,6159328,4834,38239,156893,156893,13
Jul 23, 2022,6164271,6164271,4943,39065,156902,156902,9
Jul 24, 2022,6168342,6168342,4071,40452,156902,156902,0
Jul 25, 2022,6172390,6172390,4048,40463,156916,156916,14
Jul 26, 2022,6178873,6178873,6483,43422,156929,156929,13
Jul 27, 2022,6185311,6185311,6438,46024,156940,156940,11
Jul 28, 2022,6191664,6191664,6353,46655,156957,156957,17
Jul 29, 2022,6197495,6197495,5831,47988,156970,156970,13
Jul 30, 2022,6202893,6202893,5398,49105,156983,156983,13
Jul 31, 2022,6207098,6207098,4205,48703,156993,156993,10
Aug 01, 2022,6210794,6210794,3696,47809,157004,157004,11
Aug 02, 2022,6216621,6216621,5827,49048,157028,157028,24
Aug 03, 2022,6222788,6222788,6167,50857,157046,157046,18
Aug 04, 2022,6229315,6229315,6527,50706,157060,157060,14
Aug 05, 2022,6235244,6235244,5929,50300,157072,157072,12
Aug 06, 2022,6240699,6240699,5455,50895,157082,157082,10
Aug 07, 2022,6244978,6244978,4279,50145,157095,157095,13
Aug 08, 2022,6249403,6249403,4425,49633,157113,157113,18
Aug 09, 2022,6255679,6255679,6276,51041,157131,157131,18
Aug 10, 2022,6261605,6261605,5926,52043,157149,157149,18
Aug 11, 2022,6267137,6267137,5532,52729,157171,157171,22
Aug 12, 2022,6273228,6273228,6091,53576,157189,157189,18
Aug 13, 2022,6278332,6278332,5104,53606,157208,157208,19
Aug 14, 2022,6282774,6282774,4442,53127,157226,157226,18
Aug 15, 2022,6286362,6286362,3588,52181,157252,157252,26
Aug 16, 2022,6292231,6292231,5869,52222,157277,157277,25
Aug 17, 2022,6297484,6297484,5253,53132,157296,157296,19
Aug 18, 2022,6301523,6301523,4039,51900,157317,157317,21
Aug 19, 2022,6306686,6306686,5163,52009,157343,157343,26
Aug 20, 2022,6311608,6311608,4922,52607,157365,157365,22
Aug 21, 2022,6315557,6315557,3949,50500,157377,157377,12
Aug 22, 2022,6318857,6318857,3300,48803,157396,157396,19
Aug 23, 2022,6323715,6323715,4858,48503,157420,157420,24
Aug 24, 2022,6329143,6329143,5428,48363,157438,157438,18
Aug 25, 2022,6334357,6334357,5214,47778,157457,157457,19
Aug 26, 2022,6338906,6338906,4549,46548,157478,157478,21
Aug 27, 2022,6343076,6343076,4170,48189,157493,157493,15
Aug 28, 2022,6346304,6346304,3228,46366,157500,157500,7
Aug 29, 2022,6349175,6349175,2871,44514,157521,157521,21
Aug 30, 2022,6354245,6354245,5070,45054,157541,157541,20
Aug 31, 2022,6358808,6358808,4563,45208,157566,157566,25
Sep 01, 2022,6362902,6362902,4094,44434,157591,157591,25
Sep 02, 2022,6366518,6366518,3616,43582,157608,157608,17
Sep 03, 2022,6369778,6369778,3260,42817,157631,157631,23
Sep 04, 2022,6372542,6372542,2764,41814,157647,157647,16
Sep 05, 2022,6374882,6374882,2340,39689,157668,157668,21
Sep 06, 2022,6378489,6378489,3607,38132,157696,157696,28
Sep 07, 2022,6382002,6382002,3513,38119,157717,157717,21
Sep 08, 2022,6385140,6385140,3138,37804,157729,157729,12
Sep 09, 2022,6387944,6387944,2804,35250,157741,157741,12
Sep 10, 2022,6390553,6390553,2609,34745,157757,157757,16
Sep 11, 2022,6392492,6392492,1939,33946,157770,157770,13
Sep 12, 2022,6394340,6394340,1848,32312,157787,157787,17
Sep 13, 2022,6397236,6397236,2896,31571,157807,157807,20
Sep 14, 2022,6400035,6400035,2799,30411,157828,157828,21
Sep 15, 2022,6402686,6402686,2651,29126,157849,157849,21
Sep 16, 2022,6405044,6405044,2358,28460,157876,157876,27
Sep 17, 2022,6407123,6407123,2079,27850,157884,157884,8
Sep 18, 2022,6408806,6408806,1683,27858,157892,157892,8
Sep 19, 2022,6410426,6410426,1620,26065,157915,157915,23
Sep 20, 2022,6412944,6412944,2518,26035,157930,157930,15
Sep 21, 2022,6415328,6415328,2384,25410,157948,157948,18
Sep 22, 2022,6417490,6417490,2162,23503,157966,157966,18
Sep 23, 2022,6419394,6419394,1904,22310,157986,157986,20
Sep 24, 2022,6421118,6421118,1724,21982,157998,157998,12
Sep 25, 2022,6422529,6422529,1411,20808,158014,158014,16
Sep 26, 2022,6423873,6423873,1344,19288,158036,158036,22
Sep 27, 2022,6425849,6425849,1976,19173,158057,158057,21
Sep 28, 2022,6427764,6427764,1915,19185,158076,158076,19
Sep 29, 2022,6429767,6429767,2003,18357,158093,158093,17
Sep 30, 2022,6431624,6431624,1857,17594,158112,158112,19
Oct 01, 2022,6433263,6433263,1639,17697,158122,158122,10
Oct 02, 2022,6434585,6434585,1322,17434,158132,158132,10
Oct 03, 2022,6435719,6435719,1134,16294,158143,158143,11
Oct 04, 2022,6437750,6437750,2031,16774,158156,158156,13
Oct 05, 2022,6439292,6439292,1542,16943,158165,158165,9
Oct 06, 2022,6441123,6441123,1831,17047,158177,158177,12
Oct 07, 2022,6442624,6442624,1501,16711,158192,158192,15
Oct 08, 2022,6443949,6443949,1325,16489,158198,158198,6
Oct 09, 2022,6444948,6444948,999,16208,158205,158205,7
Oct 10, 2022,6446143,6446143,1195,15871,158219,158219,14
Oct 11, 2022,6448220,6448220,2077,16392,158235,158235,16
Oct 12, 2022,6450248,6450248,2028,17123,158249,158249,14
Oct 13, 2022,6452078,6452078,1830,17226,158263,158263,14
Oct 14, 2022,6453864,6453864,1786,17470,158281,158281,18
Oct 15, 2022,6455542,6455542,1678,17261,158301,158301,20
Oct 16, 2022,6456868,6456868,1326,17213,158313,158313,12
Oct 17, 2022,6458101,6458101,1233,16823,158327,158327,14
Oct 18, 2022,6460265,6460265,2164,17538,158345,158345,18
Oct 19, 2022,6462655,6462655,2390,18504,158361,158361,16
Oct 20, 2022,6464962,6464962,2307,18919,158380,158380,19
Oct 21, 2022,6467189,6467189,2227,19158,158398,158398,18
Oct 22, 2022,6469276,6469276,2087,18919,158416,158416,18
Oct 23, 2022,6470961,6470961,1685,19385,158429,158429,13
Oct 24, 2022,6472664,6472664,1703,18685,158454,158454,25
Oct 25, 2022,6475672,6475672,3008,19915,158475,158475,21
Oct 26, 2022,6478720,6478720,3048,21481,158499,158499,24
Oct 27, 2022,6481749,6481749,3029,21533,158522,158522,23
Oct 28, 2022,6484764,6484764,3015,22743,158544,158544,22
Oct 29, 2022,6487905,6487905,3141,23748,158571,158571,27
Oct 30, 2022,6490622,6490622,2717,24544,158597,158597,26
Oct 31, 2022,6493079,6493079,2457,24658,158631,158631,34
Nov 01, 2022,6497786,6497786,4707,27262,158663,158663,32
Nov 02, 2022,6502659,6502659,4873,30053,158695,158695,32
Nov 03, 2022,6507610,6507610,4951,32080,158737,158737,42
Nov 04, 2022,6512913,6512913,5303,34155,158768,158768,31
Nov 05, 2022,6517630,6517630,4717,35903,158807,158807,39
Nov 06, 2022,6521292,6521292,3662,37048,158829,158829,22
Nov 07, 2022,6525120,6525120,3828,37486,158871,158871,42
Nov 08, 2022,6531721,6531721,6601,40852,158909,158909,38
Nov 09, 2022,6537907,6537907,6186,43797,158952,158952,43
Nov 10, 2022,6544201,6544201,6294,45831,158989,158989,37
Nov 11, 2022,6550448,6550448,6247,47893,159035,159035,46
Nov 12, 2022,6556627,6556627,6179,49300,159068,159068,33
Nov 13, 2022,6561504,6561504,4877,49794,159104,159104,36
Nov 14, 2022,6565912,6565912,4408,49960,159158,159158,54
Nov 15, 2022,6573805,6573805,7893,53774,159199,159199,41
Nov 16, 2022,6582291,6582291,8486,57951,159253,159253,54
Nov 17, 2022,6590113,6590113,7822,60471,159291,159291,38
Nov 18, 2022,6596812,6596812,6699,61284,159323,159323,32
Nov 19, 2022,6603195,6603195,6383,62728,159348,159348,25
Nov 20, 2022,6608367,6608367,5172,62179,159379,159379,31
Nov 21, 2022,6612673,6612673,4306,59587,159422,159422,43
Nov 22, 2022,6620317,6620317,7644,62196,159473,159473,51
Nov 23, 2022,6627538,6627538,7221,64463,159524,159524,51
Nov 24, 2022,6634648,6634648,7110,63863,159565,159565,41
Nov 25, 2022,6640624,6640624,5976,63052,159600,159600,35
Nov 26, 2022,6646093,6646093,5469,62120,159641,159641,41
Nov 27, 2022,6650244,6650244,4151,60581,159676,159676,35
Nov 28, 2022,6653469,6653469,3225,57883,159735,159735,59
Nov 29, 2022,6659235,6659235,5766,58119,159789,159789,54
Nov 30, 2022,6664844,6664844,5609,59276,159830,159830,41
Dec 01, 2022,6669821,6669821,4977,57700,159884,159884,54
Dec 02, 2022,6674000,6674000,4179,55841,159921,159921,37
Dec 03, 2022,6677655,6677655,3655,54236,159953,159953,32
Dec 04, 2022,6680203,6680203,2548,50987,159978,159978,25
Dec 05, 2022,6682437,6682437,2234,48140,160026,160026,48
Dec 06, 2022,6686181,6686181,3744,47660,160071,160071,45
Dec 07, 2022,6689532,6689532,3351,47730,160112,160112,41
Dec 08, 2022,6692509,6692509,2977,45562,160139,160139,27
Dec 09, 2022,6695010,6695010,2501,43316,160175,160175,36
Dec 10, 2022,6697201,6697201,2191,41977,160198,160198,23
Dec 11, 2022,6698790,6698790,1589,39809,160224,160224,26
Dec 12, 2022,6700015,6700015,1225,37155,160255,160255,31
Dec 13, 2022,6702132,6702132,2117,35838,160287,160287,32
Dec 14, 2022,6704268,6704268,2136,35442,160311,160311,24
Dec 15, 2022,6706053,6706053,1785,33424,160335,160335,24
Dec 16, 2022,6707504,6707504,1451,32042,160362,160362,27
Dec 17, 2022,6708737,6708737,1233,30884,160384,160384,22
Dec 18, 2022,6709597,6709597,860,29695,160398,160398,14
Dec 19, 2022,6710406,6710406,809,27238,160424,160424,26
Dec 20, 2022,6711703,6711703,1297,25727,160451,160451,27
Dec 21, 2022,6712826,6712826,1123,24408,160466,160466,15
Dec 22, 2022,6713879,6713879,1053,23115,160488,160488,22
Dec 23, 2022,6714802,6714802,923,21207,160507,160507,19
Dec 24, 2022,6715586,6715586,784,20680,160524,160524,17
Dec 25, 2022,6716124,6716124,538,20231,160537,160537,13
Dec 26, 2022,6716592,6716592,468,17473,160551,160551,14
Dec 27, 2022,6717395,6717395,803,16575,160560,160560,9
Dec 28, 2022,6718090,6718090,695,14725,160574,160574,14
Dec 29, 2022,6718775,6718775,685,13964,160583,160583,9
Dec 30, 2022,6719327,6719327,552,13602,160593,160593,10
Dec 31, 2022,6719815,6719815,488,9871,160612,160612,19
Jan 01, 2023,6720181,6720181,366,9577,160619,160619,7
Jan 02, 2023,6720443,6720443,262,9131,160635,160635,16
Jan 03, 2023,6721095,6721095,652,8970,160648,160648,13
Jan 04, 2023,6721692,6721692,597,8893,160657,160657,9
Jan 05, 2023,6722227,6722227,535,8739,160665,160665,8
Jan 06, 2023,6722746,6722746,519,8687,160673,160673,8
Jan 07, 2023,6723201,6723201,455,8456,160679,160679,6
Jan 08, 2023,6723546,6723546,345,8368,160683,160683,4
Jan 09, 2023,6723812,6723812,266,8066,160694,160694,11
Jan 10, 2023,6724281,6724281,469,7920,160697,160697,3
Jan 11, 2023,6724683,6724683,402,7805,160705,160705,8
Jan 12, 2023,6725095,6725095,412,7542,160711,160711,6
Jan 13, 2023,6725458,6725458,363,7426,160719,160719,8
Jan 14, 2023,6725847,6725847,389,7288,160724,160724,5
Jan 15, 2023,6726086,6726086,239,7158,160727,160727,3
Jan 16, 2023,6726311,6726311,225,6841,160739,160739,12
Jan 17, 2023,6726668,6726668,357,6619,160746,160746,7
Jan 18, 2023,6727007,6727007,339,6515,160756,160756,10
Jan 19, 2023,6727317,6727317,310,6382,160764,160764,8
Jan 20, 2023,6727609,6727609,292,5979,160772,160772,8
Jan 21, 2023,6727847,6727847,238,5607,160777,160777,5
Jan 22, 2023,6728065,6728065,218,5461,160781,160781,4
Jan 23, 2023,6728184,6728184,119,5128,160788,160788,7
Jan 24, 2023,6728402,6728402,218,4888,160793,160793,5
Jan 25, 2023,6728676,6728676,274,4821,160795,160795,2
Jan 26, 2023,6728998,6728998,322,4600,160799,160799,4
Jan 27, 2023,6729209,6729209,211,4526,160801,160801,2
Jan 28, 2023,6729408,6729408,199,4470,160802,160802,1
Jan 29, 2023,6729573,6729573,165,4435,160803,160803,1
Jan 30, 2023,6729756,6729756,183,4277,160810,160810,7
Jan 31, 2023,6730016,6730016,260,4270,160814,160814,4
Feb 01, 2023,6730289,6730289,273,4264,160817,160817,3
Feb 02, 2023,6730537,6730537,248,4304,160822,160822,5
Feb 03, 2023,6730778,6730778,241,4268,160826,160826,4
Feb 04, 2023,6730964,6730964,186,4216,160831,160831,5
Feb 05, 2023,6731135,6731135,171,4205,160832,160832,1
Feb 06, 2023,6731304,6731304,169,4062,160838,160838,6
Feb 07, 2023,6731696,6731696,392,4186,160847,160847,9
Feb 08, 2023,6731959,6731959,263,4195,160852,160852,5
Feb 09, 2023,6732179,6732179,220,4155,160855,160855,3
Feb 10, 2023,6732418,6732418,239,4116,160858,160858,3
Feb 11, 2023,6732618,6732618,200,4103,160860,160860,2
Feb 12, 2023,6732799,6732799,181,4092,160864,160864,4
Feb 13, 2023,6732968,6732968,169,3989,160870,160870,6
Feb 14, 2023,6733215,6733215,247,4024,160873,160873,3
Feb 15, 2023,6733478,6733478,263,4126,160878,160878,5
Feb 16, 2023,6733697,6733697,219,4136,160880,160880,2
Feb 17, 2023,6733912,6733912,215,4144,160884,160884,4
Feb 18, 2023,6734102,6734102,190,3720,160884,160884,0
Feb 19, 2023,6734215,6734215,113,3657,160886,160886,2
Feb 20, 2023,6734334,6734334,119,3536,160888,160888,2
Feb 21, 2023,6734606,6734606,272,3604,160892,160892,4
Feb 22, 2023,6734818,6734818,212,3619,160894,160894,2
Feb 23, 2023,6735033,6735033,215,3566,160897,160897,3
Feb 24, 2023,6735269,6735269,236,3571,160902,160902,5
Feb 25, 2023,6735451,6735451,182,3583,160905,160905,3
Feb 26, 2023,6735628,6735628,177,3533,160908,160908,3
Feb 27, 2023,6735780,6735780,152,3412,160911,160911,3
Feb 28, 2023,6736046,6736046,266,3440,160914,160914,3
Mar 01, 2023,6736298,6736298,252,3537,160916,160916,2
Mar 02, 2023,6736576,6736576,278,3558,160920,160920,4
Mar 03, 2023,6736787,6736787,211,3530,160925,160925,5
Mar 04, 2023,6736994,6736994,207,3457,160928,160928,3
Mar 05, 2023,6737159,6737159,165,3044,160930,160930,2
Mar 06, 2023,6737303,6737303,144,2968,160932,160932,2
Mar 07, 2023,6737606,6737606,303,2923,160934,160934,2
Mar 08, 2023,6737918,6737918,312,3095,160937,160937,3
Mar 09, 2023,6738225,6738225,307,3107,160941,160941,4
Mar 10, 2023,6738520,6738520,295,3203,160944,160944,3
Mar 11, 2023,6738844,6738844,324,3325,160945,160945,1
Mar 12, 2023,6739067,6739067,223,3331,160948,160948,3
Mar 13, 2023,6739289,6739289,222,3240,160950,160950,2
Mar 14, 2023,6739669,6739669,380,3366,160953,160953,3
Mar 15, 2023,6740031,6740031,362,3534,160956,160956,3
Mar 16, 2023,6740404,6740404,373,3666,160963,160963,7
Mar 17, 2023,6740727,6740727,323,3701,160968,160968,5
Mar 18, 2023,6741082,6741082,355,3777,160969,160969,1
Mar 19, 2023,6741354,6741354,272,3841,160971,160971,2
Mar 20, 2023,6741588,6741588,234,3660,160975,160975,4
Mar 21, 2023,6742061,6742061,473,3809,160977,160977,2
Mar 22, 2023,6742510,6742510,449,4100,160982,160982,5
Mar 23, 2023,6742814,6742814,304,4178,160984,160984,2
Mar 24, 2023,6743171,6743171,357,4244,160985,160985,1
Mar 25, 2023,6743607,6743607,436,4352,160994,160994,9
Mar 26, 2023,6744033,6744033,426,4532,160994,160994,0
Mar 27, 2023,6744362,6744362,329,4425,161000,161000,6
Mar 28, 2023,6744873,6744873,511,4755,161005,161005,5
Mar 29, 2023,6745453,6745453,580,4861,161008,161008,3
Mar 30, 2023,6746009,6746009,556,5012,161012,161012,4
Mar 31, 2023,6746474,6746474,465,5226,161020,161020,8
Apr 01, 2023,6746960,6746960,486,5410,161023,161023,3
Apr 02, 2023,6747363,6747363,403,5655,161027,161027,4
Apr 03, 2023,6747692,6747692,329,5549,161030,161030,3
Apr 04, 2023,6748308,6748308,616,5837,161035,161035,5
Apr 05, 2023,6748973,6748973,665,5945,161039,161039,4
Apr 06, 2023,6749564,6749564,591,6111,161044,161044,5
Apr 07, 2023,6750183,6750183,619,6360,161046,161046,2
Apr 08, 2023,6750603,6750603,420,6419,161050,161050,4
Apr 09, 2023,6751168,6751168,565,6686,161052,161052,2
Apr 10, 2023,6751662,6751662,494,6599,161057,161057,5
Apr 11, 2023,6752606,6752606,944,6827,161071,161071,14
Apr 12, 2023,6753593,6753593,987,7457,161082,161082,11
Apr 13, 2023,6754583,6754583,990,7719,161096,161096,14
Apr 14, 2023,6755600,6755600,1017,8259,161110,161110,14
Apr 15, 2023,6756541,6756541,941,8689,161116,161116,6
Apr 16, 2023,6757445,6757445,904,9041,161123,161123,7
Apr 17, 2023,6758170,6758170,725,9024,161129,161129,6
Apr 18, 2023,6759513,6759513,1343,9776,161140,161140,11
Apr 19, 2023,6760755,6760755,1242,10448,161152,161152,12
Apr 20, 2023,6761900,6761900,1145,10881,161165,161165,13
Apr 21, 2023,6762804,6762804,904,11002,161170,161170,5
Apr 22, 2023,6763556,6763556,752,11141,161176,161176,6
Apr 23, 2023,6763940,6763940,384,10576,161177,161177,1
Apr 24, 2023,6764560,6764560,620,10580,161182,161182,5
Apr 25, 2023,6765727,6765727,1167,10898,161190,161190,8
Apr 26, 2023,6767126,6767126,1399,11092,161204,161204,14
Apr 27, 2023,6769005,6769005,1879,11129,161221,161221,17
Apr 28, 2023,6771072,6771072,2067,11849,161258,161258,37
Apr 29, 2023,6773146,6773146,2074,13099,161272,161272,14
Apr 30, 2023,6774721,6774721,1575,13843,161284,161284,12
May 01, 2023,6775613,6775613,892,13880,161300,161300,16
May 02, 2023,6776984,6776984,1371,14205,161327,161327,27
May 03, 2023,6779631,6779631,2647,15707,161352,161352,25
May 04, 2023,6782048,6782048,2417,16953,161384,161384,32
May 05, 2023,6784170,6784170,2122,17909,161404,161404,20
May 06, 2023,6786059,6786059,1889,18480,161439,161439,35
May 07, 2023,6787354,6787354,1295,18496,161459,161459,20
May 08, 2023,6788503,6788503,1149,17829,161480,161480,21
May 09, 2023,6790405,6790405,1902,18426,161501,161501,21
May 10, 2023,6792173,6792173,1768,18877,161526,161526,25
May 11, 2023,6793750,6793750,1577,19067,161547,161547,21
May 12, 2023,6795221,6795221,1471,18918,161574,161574,27
May 13, 2023,6796466,6796466,1245,18542,161599,161599,25
May 14, 2023,6797336,6797336,870,18179,161609,161609,10
May 15, 2023,6798097,6798097,761,16677,161630,161630,21
May 16, 2023,6798736,6798736,639,16553,161638,161638,8
May 17, 2023,6799760,6799760,1024,16558,161646,161646,8
May 18, 2023,6800425,6800425,665,16305,161653,161653,7
May 19, 2023,6800943,6800943,518,15737,161658,161658,5
May 20, 2023,6801615,6801615,672,15707,161671,161671,13
May 21, 2023,6802090,6802090,475,15207,161674,161674,3
May 22, 2023,6802514,6802514,424,14657,161683,161683,9
May 23, 2023,6803504,6803504,990,13761,161701,161701,18
May 24, 2023,6804290,6804290,786,13782,161715,161715,14
May 25, 2023,6804909,6804909,619,13752,161721,161721,6
May 26, 2023,6805503,6805503,594,13659,161726,161726,5
May 27, 2023,6806005,6806005,502,13775,161733,161733,7
May 28, 2023,6806288,6806288,283,13431,161739,161739,6
May 29, 2023,6806544,6806544,256,12843,161754,161754,15
May 30, 2023,6807085,6807085,541,12656,161762,161762,8
May 31, 2023,6807513,6807513,428,12450,161771,161771,9
Jun 01, 2023,6807878,6807878,365,12488,161773,161773,2
Jun 02, 2023,6808056,6808056,178,12217,161778,161778,5
Jun 03, 2023,6808308,6808308,252,11846,161780,161780,2
Jun 04, 2023,6808537,6808537,229,11680,161789,161789,9
Jun 05, 2023,6808768,6808768,231,11285,161797,161797,8
Jun 06, 2023,6809130,6809130,362,11213,161804,161804,7
Jun 07, 2023,6809377,6809377,247,10930,161811,161811,7
Jun 08, 2023,6809631,6809631,254,10788,161815,161815,4
Jun 09, 2023,6809821,6809821,190,10597,161820,161820,5
Jun 10, 2023,6810008,6810008,187,10541,161820,161820,0
Jun 11, 2023,6810119,6810119,111,10483,161821,161821,1
Jun 12, 2023,6810236,6810236,117,10144,161826,161826,5
Jun 13, 2023,6810417,6810417,181,10043,161830,161830,4
Jun 14, 2023,6810599,6810599,182,10027,161832,161832,2
Jun 15, 2023,6810778,6810778,179,9974,161836,161836,4
Jun 16, 2023,6810943,6810943,165,9948,161839,161839,3
Jun 17, 2023,6811057,6811057,114,9925,161840,161840,1
Jun 18, 2023,6811128,6811128,71,9719,161844,161844,4
Jun 19, 2023,6811201,6811201,73,9606,161844,161844,0
Jun 20, 2023,6811330,6811330,129,9480,161848,161848,4
Jun 21, 2023,6811444,6811444,114,9375,161853,161853,5
Jun 22, 2023,6811528,6811528,84,9245,161857,161857,4
Jun 23, 2023,6811638,6811638,110,9127,161861,161861,4
Jun 24, 2023,6811712,6811712,74,9040,161863,161863,2
Jun 25, 2023,6811780,6811780,68,9027,161865,161865,2
Jun 26, 2023,6811818,6811818,38,8932,161867,161867,2
Jun 27, 2023,6811897,6811897,79,8836,161870,161870,3
Jun 28, 2023,6811945,6811945,48,8800,161870,161870,0
Jun 29, 2023,6811989,6811989,44,8730,161871,161871,1
Jun 30, 2023,6812015,6812015,26,8492,161874,161874,3
Jul 01, 2023,6812051,6812051,36,8528,161874,161874,0
Jul 02, 2023,6812087,6812087,36,8428,161876,161876,2
Jul 03, 2023,6812127,6812127,40,8245,161879,161879,3
Jul 04, 2023,6812187,6812187,60,8136,161881,161881,2
Jul 05, 2023,6812230,6812230,43,7969,161884,161884,3
Jul 06, 2023,6812272,6812272,42,7945,161884,161884,0
Jul 07, 2023,6812313,6812313,41,7895,161884,161884,0
Jul 08, 2023,6812359,6812359,46,7786,161884,161884,0
Jul 09, 2023,6812389,6812389,30,7747,161884,161884,0
Jul 10, 2023,6812418,6812418,29,6916,161889,161889,5
Jul 11, 2023,6812465,6812465,47,6029,161891,161891,2
Jul 12, 2023,6812532,6812532,67,5542,161892,161892,1
Jul 13, 2023,6812575,6812575,43,5460,161894,161894,2
Jul 14, 2023,6812610,6812610,35,5401,161894,161894,0
Jul 15, 2023,6812657,6812657,47,5413,161894,161894,0
Jul 16, 2023,6812670,6812670,13,5377,161894,161894,0
Jul 17, 2023,6812690,6812690,20,5090,161896,161896,2
Jul 18, 2023,6812721,6812721,31,5081,161899,161899,3
Jul 19, 2023,6812732,6812732,11,5081,161899,161899,0
Jul 20, 2023,6812747,6812747,15,5033,161899,161899,0
Jul 21, 2023,6812776,6812776,29,4989,161899,161899,0
Jul 22, 2023,6812804,6812804,28,4989,161899,161899,0
Jul 23, 2023,6812812,6812812,8,4973,161901,161901,2
Jul 24, 2023,6812839,6812839,27,4945,161903,161903,2
Jul 25, 2023,6812865,6812865,26,4901,161905,161905,2
Jul 26, 2023,6812886,6812886,21,4883,161906,161906,1
Jul 27, 2023,6812908,6812908,22,4888,161907,161907,1
Jul 28, 2023,6812920,6812920,12,4866,161910,161910,3
Jul 29, 2023,6812943,6812943,23,4858,161910,161910,0
Jul 30, 2023,6812943,6812943,0,4858,161910,161910,0
Jul 31, 2023,6812943,6812943,0,4858,161910,161910,0
Aug 01, 2023,6812943,6812943,0,4858,161910,161910,0
Aug 02, 2023,6812943,6812943,0,4858,161910,161910,0
Aug 03, 2023,6812949,6812949,6,4864,161910,161910,0
Aug 04, 2023,6812966,6812966,17,4868,161914,161914,4
Aug 05, 2023,6813082,6813082,116,4984,161914,161914,0
Aug 06, 2023,6813095,6813095,13,4886,161916,161916,2
Aug 07, 2023,6813095,6813095,0,4886,161916,161916,0
Aug 08, 2023,6813095,6813095,0,4886,161916,161916,0
Aug 09, 2023,6813095,6813095,0,4886,161916,161916,0
Aug 10, 2023,6813095,6813095,0,4886,161916,161916,0
Aug 11, 2023,6813095,6813095,0,4886,161916,161916,0
Aug 12, 2023,6813095,6813095,0,4886,161916,161916,0
Aug 13, 2023,6813095,6813095,0,4886,161916,161916,0
Aug 14, 2023,6813095,6813095,0,4886,161916,161916,0
Aug 15, 2023,6813095,6813095,0,4886,161916,161916,0
Aug 16, 2023,6813095,6813095,0,4886,161916,161916,0
Aug 17, 2023,6813095,6813095,0,4886,161916,161916,0
Aug 18, 2023,6813095,6813095,0,4886,161916,161916,0
Aug 19, 2023,6813095,6813095,0,4886,161916,161916,0
Aug 20, 2023,6813095,6813095,0,4886,161916,161916,0
Aug 21, 2023,6813095,6813095,0,4886,161916,161916,0
Aug 22, 2023,6813095,6813095,0,4886,161916,161916,0
Aug 23, 2023,6813095,6813095,0,4886,161916,161916,0
Aug 24, 2023,6813095,6813095,0,4886,161916,161916,0
Aug 25, 2023,6813095,6813095,0,4886,161916,161916,0
Aug 26, 2023,6813095,6813095,0,4886,161916,161916,0
Aug 27, 2023,6813095,6813095,0,4886,161916,161916,0
Aug 28, 2023,6813095,6813095,0,4886,161916,161916,0
Aug 29, 2023,6813095,6813095,0,4886,161916,161916,0
Aug 30, 2023,6813095,6813095,0,4886,161916,161916,0
Aug 31, 2023,6813095,6813095,0,4886,161916,161916,0
Sep 01, 2023,6813095,6813095,0,4886,161916,161916,0
Sep 02, 2023,6813095,6813095,0,4886,161916,161916,0
Sep 03, 2023,6813281,6813281,186,4687,161918,161918,2
Sep 04, 2023,6813287,6813287,6,4693,161918,161918,0
Sep 05, 2023,6813287,6813287,0,4693,161918,161918,0
Sep 06, 2023,6813287,6813287,0,4693,161918,161918,0
Sep 07, 2023,6813287,6813287,0,4693,161918,161918,0
Sep 08, 2023,6813287,6813287,0,4693,161918,161918,0
Sep 09, 2023,6813287,6813287,0,4693,161918,161918,0
Sep 10, 2023,6813287,6813287,0,4693,161918,161918,0
Sep 11, 2023,6813371,6813371,84,4777,161918,161918,0
Sep 12, 2023,6813378,6813378,7,4784,161918,161918,0
Sep 13, 2023,6813378,6813378,0,4784,161918,161918,0
Sep 14, 2023,6813378,6813378,0,4784,161918,161918,0
Sep 15, 2023,6813378,6813378,0,4784,161918,161918,0
Sep 16, 2023,6813378,6813378,0,4784,161918,161918,0
Sep 17, 2023,6813424,6813424,46,4830,161918,161918,0
Sep 18, 2023,6813429,6813429,5,4684,161918,161918,0
Sep 19, 2023,6813429,6813429,0,4684,161918,161918,0
Sep 20, 2023,6813429,6813429,0,4684,161918,161918,0
Sep 21, 2023,6813429,6813429,0,4684,161918,161918,0
Sep 22, 2023,6813429,6813429,0,4684,161918,161918,0
Sep 23, 2023,6813429,6813429,0,4684,161918,161918,0
Sep 24, 2023,6813429,6813429,0,4684,161918,161918,0
Sep 25, 2023,6813429,6813429,0,4684,161918,161918,0
Sep 26, 2023,6813429,6813429,0,4684,161918,161918,0
Sep 27, 2023,6813429,6813429,0,4684,161918,161918,0
Sep 28, 2023,6813429,6813429,0,4684,161918,161918,0
Sep 29, 2023,6813429,6813429,0,4684,161918,161918,0
Sep 30, 2023,6813429,6813429,0,4684,161918,161918,0
Oct 01, 2023,6813429,6813429,0,4684,161918,161918,0
Oct 02, 2023,6813429,6813429,0,4684,161918,161918,0
Oct 03, 2023,6813429,6813429,0,4684,161918,161918,0
Oct 04, 2023,6813429,6813429,0,4684,161918,161918,0
Oct 05, 2023,6813429,6813429,0,4684,161918,161918,0
Oct 06, 2023,6813429,6813429,0,4684,161918,161918,0
Oct 07, 2023,6813429,6813429,0,4684,161918,161918,0
Oct 08, 2023,6813602,6813602,173,4782,161920,161920,2
Oct 09, 2023,6813602,6813602,0,4782,161920,161920,0
Oct 10, 2023,6813602,6813602,0,4782,161920,161920,0
Oct 11, 2023,6813602,6813602,0,4782,161920,161920,0
Oct 12, 2023,6813602,6813602,0,4782,161920,161920,0
Oct 13, 2023,6813602,6813602,0,4782,161920,161920,0
Oct 14, 2023,6813602,6813602,0,4782,161920,161920,0
Oct 15, 2023,6813652,6813652,50,4814,161920,161920,0
Oct 16, 2023,6813652,6813652,0,4814,161920,161920,0
Oct 17, 2023,6813652,6813652,0,4814,161920,161920,0
Oct 18, 2023,6813652,6813652,0,4814,161920,161920,0
Oct 19, 2023,6813652,6813652,0,4814,161920,161920,0
Oct 20, 2023,6813652,6813652,0,4814,161920,161920,0
Oct 21, 2023,6813652,6813652,0,4814,161920,161920,0
Oct 22, 2023,6813719,6813719,67,4862,161920,161920,0
Oct 23, 2023,6813719,6813719,0,4862,161920,161920,0
Oct 24, 2023,6813719,6813719,0,4862,161920,161920,0
Oct 25, 2023,6813719,6813719,0,4862,161920,161920,0
Oct 26, 2023,6813719,6813719,0,4862,161920,161920,0
Oct 27, 2023,6813719,6813719,0,4862,161920,161920,0
Oct 28, 2023,6813719,6813719,0,4862,161920,161920,0
Oct 29, 2023,6813719,6813719,0,4862,161920,161920,0
Oct 30, 2023,6813719,6813719,0,4862,161920,161920,0
Oct 31, 2023,6813719,6813719,0,4862,161920,161920,0
Nov 01, 2023,6813719,6813719,0,4862,161920,161920,0
Nov 02, 2023,6813719,6813719,0,4862,161920,161920,0
Nov 03, 2023,6813719,6813719,0,4862,161920,161920,0
Nov 04, 2023,6813790,6813790,71,4903,161920,161920,0
Nov 05, 2023,6813790,6813790,0,4903,161920,161920,0
Nov 06, 2023,6813790,6813790,0,4903,161920,161920,0
Nov 07, 2023,6813790,6813790,0,4903,161920,161920,0
Nov 08, 2023,6813790,6813790,0,4903,161920,161920,0
Nov 09, 2023,6813790,6813790,0,4903,161920,161920,0
Nov 10, 2023,6813790,6813790,0,4903,161920,161920,0
Nov 11, 2023,6813875,6813875,85,4967,161920,161920,0
Nov 12, 2023,6813875,6813875,0,4967,161920,161920,0
Nov 13, 2023,6813875,6813875,0,4967,161920,161920,0
Nov 14, 2023,6813875,6813875,0,4967,161920,161920,0
Nov 15, 2023,6813875,6813875,0,4967,161920,161920,0
Nov 16, 2023,6813875,6813875,0,4967,161920,161920,0
Nov 17, 2023,6813875,6813875,0,4967,161920,161920,0
Nov 18, 2023,6813968,6813968,93,5036,161920,161920,0
Nov 19, 2023,6813968,6813968,0,5036,161920,161920,0
Nov 20, 2023,6813968,6813968,0,5036,161920,161920,0
Nov 21, 2023,6813968,6813968,0,5036,161920,161920,0
Nov 22, 2023,6813968,6813968,0,5036,161920,161920,0
Nov 23, 2023,6813968,6813968,0,5036,161920,161920,0
Nov 24, 2023,6814111,6814111,143,5145,161920,161920,0
Nov 25, 2023,6814111,6814111,0,5145,161920,161920,0
Nov 26, 2023,6814111,6814111,0,5145,161920,161920,0
Nov 27, 2023,6814111,6814111,0,5145,161920,161920,0
Nov 28, 2023,6814111,6814111,0,5145,161920,161920,0
Nov 29, 2023,6814111,6814111,0,5145,161920,161920,0
Nov 30, 2023,6814111,6814111,0,5145,161920,161920,0
Dec 01, 2023,6814248,6814248,137,5259,161921,161921,1
Dec 02, 2023,6814248,6814248,0,5259,161921,161921,0
Dec 03, 2023,6814248,6814248,0,5259,161921,161921,0
Dec 04, 2023,6814248,6814248,0,5259,161921,161921,0
Dec 05, 2023,6814248,6814248,0,5259,161921,161921,0
Dec 06, 2023,6814248,6814248,0,5259,161921,161921,0
Dec 07, 2023,6814248,6814248,0,5259,161921,161921,0
Dec 08, 2023,6814484,6814484,236,5459,161921,161921,0
Dec 09, 2023,6814484,6814484,0,5459,161921,161921,0
Dec 10, 2023,6814484,6814484,0,5457,161923,161923,2
Dec 11, 2023,6814484,6814484,0,5457,161923,161923,0
Dec 12, 2023,6814484,6814484,0,5457,161923,161923,0
Dec 13, 2023,6814484,6814484,0,5457,161923,161923,0
Dec 14, 2023,6814484,6814484,0,5457,161923,161923,0
Dec 15, 2023,6814484,6814484,0,5457,161923,161923,0
Dec 16, 2023,6814484,6814484,0,5457,161923,161923,0
Dec 17, 2023,6816938,6816938,2454,7904,161930,161930,7
Dec 18, 2023,6816938,6816938,0,7904,161930,161930,0
Dec 19, 2023,6816938,6816938,0,7904,161930,161930,0
Dec 20, 2023,6816938,6816938,0,7904,161930,161930,0
Dec 21, 2023,6816938,6816938,0,7904,161930,161930,0
Dec 22, 2023,6816938,6816938,0,7904,161930,161930,0
Dec 23, 2023,6816938,6816938,0,7904,161930,161930,0
Dec 24, 2023,6819830,6819830,2892,10772,161954,161954,24
Dec 25, 2023,6819830,6819830,0,10772,161954,161954,0
Dec 26, 2023,6819830,6819830,0,10772,161954,161954,0
Dec 27, 2023,6819830,6819830,0,10772,161954,161954,0
Dec 28, 2023,6819830,6819830,0,10772,161954,161954,0
Dec 29, 2023,6819830,6819830,0,10772,161954,161954,0
Dec 30, 2023,6819830,6819830,0,10772,161954,161954,0
Dec 31, 2023,6819830,6819830,0,10754,161972,161972,18
Jan 01, 2024,6819830,6819830,0,10754,161972,161972,0
Jan 02, 2024,6819830,6819830,0,10754,161972,161972,0
Jan 03, 2024,6819830,6819830,0,10754,161972,161972,0
Jan 04, 2024,6819830,6819830,0,10754,161972,161972,0
Jan 05, 2024,6821940,6821940,2110,12864,161972,161972,0
Jan 06, 2024,6821940,6821940,0,12864,161972,161972,0
Jan 07, 2024,6821940,6821940,0,12841,161995,161995,23
Jan 08, 2024,6821940,6821940,0,12841,161995,161995,0
Jan 09, 2024,6821940,6821940,0,12841,161995,161995,0
Jan 10, 2024,6821940,6821940,0,12841,161995,161995,0
Jan 11, 2024,6821940,6821940,0,12841,161995,161995,0
Jan 12, 2024,6823536,6823536,1596,14437,161995,161995,0
Jan 13, 2024,6823536,6823536,0,14437,161995,161995,0
Jan 14, 2024,6823536,6823536,0,14417,162015,162015,20
Jan 15, 2024,6823536,6823536,0,14417,162015,162015,0
Jan 16, 2024,6823536,6823536,0,14417,162015,162015,0
Jan 17, 2024,6823536,6823536,0,14417,162015,162015,0
Jan 18, 2024,6823536,6823536,0,14417,162015,162015,0
Jan 19, 2024,6825402,6825402,1866,16283,162015,162015,0
Jan 20, 2024,6825402,6825402,0,16283,162015,162015,0
Jan 21, 2024,6826750,6826750,1348,17613,162033,162033,18
Jan 22, 2024,6826750,6826750,0,17613,162033,162033,0
Jan 23, 2024,6826750,6826750,0,17613,162033,162033,0
Jan 24, 2024,6826750,6826750,0,17613,162033,162033,0
Jan 25, 2024,6826750,6826750,0,17613,162033,162033,0
Jan 26, 2024,6826750,6826750,0,17613,162033,162033,0
Jan 27, 2024,6826750,6826750,0,17613,162033,162033,0
Jan 28, 2024,6826750,6826750,0,17613,162033,162033,0
Jan 29, 2024,6826750,6826750,0,17613,162033,162033,0
Jan 30, 2024,6826750,6826750,0,17613,162033,162033,0
Jan 31, 2024,6826750,6826750,0,17613,162033,162033,0
Feb 01, 2024,6826750,6826750,0,17613,162033,162033,0
Feb 02, 2024,6826750,6826750,0,17613,162033,162033,0
Feb 03, 2024,6826750,6826750,0,17613,162033,162033,0
Feb 04, 2024,6826750,6826750,0,17613,162033,162033,0
Feb 05, 2024,6826750,6826750,0,17613,162033,162033,0
Feb 06, 2024,6826750,6826750,0,17613,162033,162033,0
Feb 07, 2024,6826750,6826750,0,17613,162033,162033,0
Feb 08, 2024,6826750,6826750,0,17613,162033,162033,0
Feb 09, 2024,6826750,6826750,0,17613,162033,162033,0
Feb 10, 2024,6828220,6828220,1470,19083,162033,162033,0
Feb 11, 2024,6828220,6828220,0,19083,162033,162033,0
Feb 12, 2024,6828220,6828220,0,19083,162033,162033,0
Feb 13, 2024,6828220,6828220,0,19083,162033,162033,0
Feb 14, 2024,6828220,6828220,0,19083,162033,162033,0
Feb 15, 2024,6828220,6828220,0,19083,162033,162033,0
Feb 16, 2024,6828220,6828220,0,19083,162033,162033,0
Feb 17, 2024,6828605,6828605,385,19468,162033,162033,0
Feb 18, 2024,6828605,6828605,0,19468,162033,162033,0
Feb 19, 2024,6828605,6828605,0,19468,162033,162033,0
Feb 20, 2024,6828605,6828605,0,19468,162033,162033,0
Feb 21, 2024,6828605,6828605,0,19468,162033,162033,0
Feb 22, 2024,6828605,6828605,0,19468,162033,162033,0
Feb 23, 2024,6828838,6828838,233,19673,162061,162061,28
Feb 24, 2024,6828838,6828838,0,19673,162061,162061,0
Feb 25, 2024,6828838,6828838,0,19673,162061,162061,0
Feb 26, 2024,6828838,6828838,0,19673,162061,162061,0
Feb 27, 2024,6828838,6828838,0,19673,162061,162061,0
Feb 28, 2024,6828838,6828838,0,19673,162061,162061,0
Feb 29, 2024,6828838,6828838,0,19673,162061,162061,0
Mar 01, 2024,6828838,6828838,0,19673,162061,162061,0
Mar 02, 2024,6829005,6829005,167,19839,162062,162062,1
Mar 03, 2024,6829005,6829005,0,19839,162062,162062,0
Mar 04, 2024,6829005,6829005,0,19839,162062,162062,0
Mar 05, 2024,6829005,6829005,0,19839,162062,162062,0
Mar 06, 2024,6829005,6829005,0,19839,162062,162062,0
Mar 07, 2024,6829005,6829005,0,19839,162062,162062,0
Mar 08, 2024,6829005,6829005,0,19839,162062,162062,0
Mar 09, 2024,6829087,6829087,82,19921,162062,162062,0
Mar 10, 2024,6829087,6829087,0,19921,162062,162062,0
Mar 11, 2024,6829087,6829087,0,19921,162062,162062,0
Mar 12, 2024,6829087,6829087,0,19921,162062,162062,0
Mar 13, 2024,6829087,6829087,0,19921,162062,162062,0
Mar 14, 2024,6829087,6829087,0,19921,162062,162062,0
Mar 15, 2024,6829087,6829087,0,19921,162062,162062,0
Mar 16, 2024,6829087,6829087,0,19921,162062,162062,0
Mar 17, 2024,6829087,6829087,0,19921,162062,162062,0
Mar 18, 2024,6829087,6829087,0,19921,162062,162062,0
Mar 19, 2024,6829087,6829087,0,19921,162062,162062,0
Mar 20, 2024,6829087,6829087,0,19921,162062,162062,0
Mar 21, 2024,6829087,6829087,0,19921,162062,162062,0
Mar 22, 2024,6829087,6829087,0,19921,162062,162062,0
Mar 23, 2024,6829162,6829162,75,19995,162063,162063,1
Mar 24, 2024,6829162,6829162,0,19995,162063,162063,0
Mar 25, 2024,6829162,6829162,0,19995,162063,162063,0
Mar 26, 2024,6829162,6829162,0,19995,162063,162063,0
Mar 27, 2024,6829162,6829162,0,19995,162063,162063,0
Mar 28, 2024,6829162,6829162,0,19995,162063,162063,0
Mar 29, 2024,6829162,6829162,0,19995,162063,162063,0
Mar 30, 2024,6829162,6829162,0,19995,162063,162063,0
Mar 31, 2024,6829162,6829162,0,19995,162063,162063,0
Apr 01, 2024,6829162,6829162,0,19995,162063,162063,0
Apr 02, 2024,6829162,6829162,0,19995,162063,162063,0
Apr 03, 2024,6829162,6829162,0,19995,162063,162063,0
Apr 04, 2024,6829162,6829162,0,19995,162063,162063,0
Apr 05, 2024,6829162,6829162,0,19995,162063,162063,0
Apr 06, 2024,6829162,6829162,0,19995,162063,162063,0
Apr 07, 2024,6829221,6829221,59,20054,162063,162063,0
Apr 08, 2024,6829221,6829221,0,20054,162063,162063,0
Apr 09, 2024,6829221,6829221,0,20054,162063,162063,0
Apr 10, 2024,6829221,6829221,0,20054,162063,162063,0
Apr 11, 2024,6829221,6829221,0,20054,162063,162063,0
Apr 12, 2024,6829221,6829221,0,20054,162063,162063,0
